municipio,regiao_saude,ads,polo,hospital_polo,atualizado_em,fonte,url_fonte,nivel_confianca,observacao
Fortaleza,Fortaleza,Fortaleza,Fortaleza,Instituto Dr. José Frota; Maternidade Escola Assis Chateaubriand; SOPAI; Hospital Universitário do Ceará (HUC),2026-06-06,SESA Regionalização: lista_sr_ads_20220203-1.pdf; PSR/Resolução 825/2025 quando disponível,https://www.saude.ce.gov.br/institucional/regionalizacao/,alto,HUC incluído como unidade da Rede Estadual; absorveu habilitações assistenciais do HGCC por Resolução CIB/CE 903/2025.
Eusébio,Fortaleza,Fortaleza,Fortaleza,Instituto Dr. José Frota; Maternidade Escola Assis Chateaubriand; SOPAI,2026-06-06,SESA Regionalização: lista_sr_ads_20220203-1.pdf; PSR/Resolução 825/2025 quando disponível,https://www.saude.ce.gov.br/institucional/regionalizacao/,alto,
Aquiraz,Fortaleza,Fortaleza,Fortaleza,Instituto Dr. José Frota; Maternidade Escola Assis Chateaubriand; SOPAI,2026-06-06,SESA Regionalização: lista_sr_ads_20220203-1.pdf; PSR/Resolução 825/2025 quando disponível,https://www.saude.ce.gov.br/institucional/regionalizacao/,alto,
Itaitinga,Fortaleza,Fortaleza,Fortaleza,Instituto Dr. José Frota; Maternidade Escola Assis Chateaubriand; SOPAI,2026-06-06,SESA Regionalização: lista_sr_ads_20220203-1.pdf; PSR/Resolução 825/2025 quando disponível,https://www.saude.ce.gov.br/institucional/regionalizacao/,alto,
Caucaia,Fortaleza,Caucaia,Caucaia,Hospital Municipal Abelardo Gadelha da Rocha; Hospital Santa Terezinha,2026-06-06,SESA Regionalização: lista_sr_ads_20220203-1.pdf; PSR/Resolução 825/2025 quando disponível,https://www.saude.ce.gov.br/institucional/regionalizacao/,alto,
São Gonçalo do Amarante,Fortaleza,Caucaia,Caucaia,Hospital Municipal Abelardo Gadelha da Rocha; Hospital Santa Terezinha,2026-06-06,SESA Regionalização: lista_sr_ads_20220203-1.pdf; PSR/Resolução 825/2025 quando disponível,https://www.saude.ce.gov.br/institucional/regionalizacao/,alto,
Paracuru,Fortaleza,Caucaia,Caucaia,Hospital Municipal Abelardo Gadelha da Rocha; Hospital Santa Terezinha,2026-06-06,SESA Regionalização: lista_sr_ads_20220203-1.pdf; PSR/Resolução 825/2025 quando disponível,https://www.saude.ce.gov.br/institucional/regionalizacao/,alto,
Paraipaba,Fortaleza,Caucaia,Caucaia,Hospital Municipal Abelardo Gadelha da Rocha; Hospital Santa Terezinha,2026-06-06,SESA Regionalização: lista_sr_ads_20220203-1.pdf; PSR/Resolução 825/2025 quando disponível,https://www.saude.ce.gov.br/institucional/regionalizacao/,alto,
São Luís do Curu,Fortaleza,Caucaia,Caucaia,Hospital Municipal Abelardo Gadelha da Rocha; Hospital Santa Terezinha,2026-06-06,SESA Regionalização: lista_sr_ads_20220203-1.pdf; PSR/Resolução 825/2025 quando disponível,https://www.saude.ce.gov.br/institucional/regionalizacao/,alto,
Pentecoste,Fortaleza,Caucaia,Caucaia,Hospital Municipal Abelardo Gadelha da Rocha; Hospital Santa Terezinha,2026-06-06,SESA Regionalização: lista_sr_ads_20220203-1.pdf; PSR/Resolução 825/2025 quando disponível,https://www.saude.ce.gov.br/institucional/regionalizacao/,alto,
Apuiarés,Fortaleza,Caucaia,Caucaia,Hospital Municipal Abelardo Gadelha da Rocha; Hospital Santa Terezinha,2026-06-06,SESA Regionalização: lista_sr_ads_20220203-1.pdf; PSR/Resolução 825/2025 quando disponível,https://www.saude.ce.gov.br/institucional/regionalizacao/,alto,
General Sampaio,Fortaleza,Caucaia,Caucaia,Hospital Municipal Abelardo Gadelha da Rocha; Hospital Santa Terezinha,2026-06-06,SESA Regionalização: lista_sr_ads_20220203-1.pdf; PSR/Resolução 825/2025 quando disponível,https://www.saude.ce.gov.br/institucional/regionalizacao/,alto,
Tejuçuoca,Fortaleza,Caucaia,Caucaia,Hospital Municipal Abelardo Gadelha da Rocha; Hospital Santa Terezinha,2026-06-06,SESA Regionalização: lista_sr_ads_20220203-1.pdf; PSR/Resolução 825/2025 quando disponível,https://www.saude.ce.gov.br/institucional/regionalizacao/,alto,
Itapajé,Fortaleza,Caucaia,Caucaia,Hospital Municipal Abelardo Gadelha da Rocha; Hospital Santa Terezinha,2026-06-06,SESA Regionalização: lista_sr_ads_20220203-1.pdf; PSR/Resolução 825/2025 quando disponível,https://www.saude.ce.gov.br/institucional/regionalizacao/,alto,
Maracanaú,Fortaleza,Maracanaú,Maracanaú,Hospital Municipal João Elísio de Holanda,2026-06-06,SESA Regionalização: lista_sr_ads_20220203-1.pdf; PSR/Resolução 825/2025 quando disponível,https://www.saude.ce.gov.br/institucional/regionalizacao/,alto,
Pacatuba,Fortaleza,Maracanaú,Maracanaú,Hospital Municipal João Elísio de Holanda,2026-06-06,SESA Regionalização: lista_sr_ads_20220203-1.pdf; PSR/Resolução 825/2025 quando disponível,https://www.saude.ce.gov.br/institucional/regionalizacao/,alto,
Maranguape,Fortaleza,Maracanaú,Maracanaú,Hospital Municipal João Elísio de Holanda,2026-06-06,SESA Regionalização: lista_sr_ads_20220203-1.pdf; PSR/Resolução 825/2025 quando disponível,https://www.saude.ce.gov.br/institucional/regionalizacao/,alto,
Palmácia,Fortaleza,Maracanaú,Maracanaú,Hospital Municipal João Elísio de Holanda,2026-06-06,SESA Regionalização: lista_sr_ads_20220203-1.pdf; PSR/Resolução 825/2025 quando disponível,https://www.saude.ce.gov.br/institucional/regionalizacao/,alto,
Guaiúba,Fortaleza,Maracanaú,Maracanaú,Hospital Municipal João Elísio de Holanda,2026-06-06,SESA Regionalização: lista_sr_ads_20220203-1.pdf; PSR/Resolução 825/2025 quando disponível,https://www.saude.ce.gov.br/institucional/regionalizacao/,alto,
Acarape,Fortaleza,Maracanaú,Maracanaú,Hospital Municipal João Elísio de Holanda,2026-06-06,SESA Regionalização: lista_sr_ads_20220203-1.pdf; PSR/Resolução 825/2025 quando disponível,https://www.saude.ce.gov.br/institucional/regionalizacao/,alto,
Redenção,Fortaleza,Maracanaú,Maracanaú,Hospital Municipal João Elísio de Holanda,2026-06-06,SESA Regionalização: lista_sr_ads_20220203-1.pdf; PSR/Resolução 825/2025 quando disponível,https://www.saude.ce.gov.br/institucional/regionalizacao/,alto,
Barreira,Fortaleza,Maracanaú,Maracanaú,Hospital Municipal João Elísio de Holanda,2026-06-06,SESA Regionalização: lista_sr_ads_20220203-1.pdf; PSR/Resolução 825/2025 quando disponível,https://www.saude.ce.gov.br/institucional/regionalizacao/,alto,
Baturité,Fortaleza,Baturité,Baturité,Hospital Municipal José Pinto do Carmo; Hospital Municipal Santa Izabel,2026-06-06,SESA Regionalização: lista_sr_ads_20220203-1.pdf; PSR/Resolução 825/2025 quando disponível,https://www.saude.ce.gov.br/institucional/regionalizacao/,alto,
Pacoti,Fortaleza,Baturité,Baturité,Hospital Municipal José Pinto do Carmo; Hospital Municipal Santa Izabel,2026-06-06,SESA Regionalização: lista_sr_ads_20220203-1.pdf; PSR/Resolução 825/2025 quando disponível,https://www.saude.ce.gov.br/institucional/regionalizacao/,alto,
Guaramiranga,Fortaleza,Baturité,Baturité,Hospital Municipal José Pinto do Carmo; Hospital Municipal Santa Izabel,2026-06-06,SESA Regionalização: lista_sr_ads_20220203-1.pdf; PSR/Resolução 825/2025 quando disponível,https://www.saude.ce.gov.br/institucional/regionalizacao/,alto,
Mulungu,Fortaleza,Baturité,Baturité,Hospital Municipal José Pinto do Carmo; Hospital Municipal Santa Izabel,2026-06-06,SESA Regionalização: lista_sr_ads_20220203-1.pdf; PSR/Resolução 825/2025 quando disponível,https://www.saude.ce.gov.br/institucional/regionalizacao/,alto,
Aracoiaba,Fortaleza,Baturité,Baturité,Hospital Municipal José Pinto do Carmo; Hospital Municipal Santa Izabel,2026-06-06,SESA Regionalização: lista_sr_ads_20220203-1.pdf; PSR/Resolução 825/2025 quando disponível,https://www.saude.ce.gov.br/institucional/regionalizacao/,alto,
Aratuba,Fortaleza,Baturité,Baturité,Hospital Municipal José Pinto do Carmo; Hospital Municipal Santa Izabel,2026-06-06,SESA Regionalização: lista_sr_ads_20220203-1.pdf; PSR/Resolução 825/2025 quando disponível,https://www.saude.ce.gov.br/institucional/regionalizacao/,alto,
Capistrano,Fortaleza,Baturité,Baturité,Hospital Municipal José Pinto do Carmo; Hospital Municipal Santa Izabel,2026-06-06,SESA Regionalização: lista_sr_ads_20220203-1.pdf; PSR/Resolução 825/2025 quando disponível,https://www.saude.ce.gov.br/institucional/regionalizacao/,alto,
Itapiúna,Fortaleza,Baturité,Baturité,Hospital Municipal José Pinto do Carmo; Hospital Municipal Santa Izabel,2026-06-06,SESA Regionalização: lista_sr_ads_20220203-1.pdf; PSR/Resolução 825/2025 quando disponível,https://www.saude.ce.gov.br/institucional/regionalizacao/,alto,
Itapipoca,Fortaleza,Itapipoca,Itapipoca,Hospital São Vicente de Paulo; Hospital Regional de Itapipoca,2026-06-06,SESA Regionalização: lista_sr_ads_20220203-1.pdf; PSR/Resolução 825/2025 quando disponível,https://www.saude.ce.gov.br/institucional/regionalizacao/,alto,
Trairi,Fortaleza,Itapipoca,Itapipoca,Hospital São Vicente de Paulo; Hospital Regional de Itapipoca,2026-06-06,SESA Regionalização: lista_sr_ads_20220203-1.pdf; PSR/Resolução 825/2025 quando disponível,https://www.saude.ce.gov.br/institucional/regionalizacao/,alto,
Tururu,Fortaleza,Itapipoca,Itapipoca,Hospital São Vicente de Paulo; Hospital Regional de Itapipoca,2026-06-06,SESA Regionalização: lista_sr_ads_20220203-1.pdf; PSR/Resolução 825/2025 quando disponível,https://www.saude.ce.gov.br/institucional/regionalizacao/,alto,
Umirim,Fortaleza,Itapipoca,Itapipoca,Hospital São Vicente de Paulo; Hospital Regional de Itapipoca,2026-06-06,SESA Regionalização: lista_sr_ads_20220203-1.pdf; PSR/Resolução 825/2025 quando disponível,https://www.saude.ce.gov.br/institucional/regionalizacao/,alto,
Uruburetama,Fortaleza,Itapipoca,Itapipoca,Hospital São Vicente de Paulo; Hospital Regional de Itapipoca,2026-06-06,SESA Regionalização: lista_sr_ads_20220203-1.pdf; PSR/Resolução 825/2025 quando disponível,https://www.saude.ce.gov.br/institucional/regionalizacao/,alto,
Amontada,Fortaleza,Itapipoca,Itapipoca,Hospital São Vicente de Paulo; Hospital Regional de Itapipoca,2026-06-06,SESA Regionalização: lista_sr_ads_20220203-1.pdf; PSR/Resolução 825/2025 quando disponível,https://www.saude.ce.gov.br/institucional/regionalizacao/,alto,
Miraíma,Fortaleza,Itapipoca,Itapipoca,Hospital São Vicente de Paulo; Hospital Regional de Itapipoca,2026-06-06,SESA Regionalização: lista_sr_ads_20220203-1.pdf; PSR/Resolução 825/2025 quando disponível,https://www.saude.ce.gov.br/institucional/regionalizacao/,alto,
Beberibe,Fortaleza,Cascavel,Cascavel,Hospital Municipal Nossa Senhora das Graças,2026-06-06,SESA Regionalização: lista_sr_ads_20220203-1.pdf; PSR/Resolução 825/2025 quando disponível,https://www.saude.ce.gov.br/institucional/regionalizacao/,alto,ADS originalmente aparece como Beberibe na lista SESA 2022; ajustado para Cascavel conforme página atual da SESA/mapa usado no projeto.
Cascavel,Fortaleza,Cascavel,Cascavel,Hospital Municipal Nossa Senhora das Graças,2026-06-06,SESA Regionalização: lista_sr_ads_20220203-1.pdf; PSR/Resolução 825/2025 quando disponível,https://www.saude.ce.gov.br/institucional/regionalizacao/,alto,ADS originalmente aparece como Beberibe na lista SESA 2022; ajustado para Cascavel conforme página atual da SESA/mapa usado no projeto.
Pindoretama,Fortaleza,Cascavel,Cascavel,Hospital Municipal Nossa Senhora das Graças,2026-06-06,SESA Regionalização: lista_sr_ads_20220203-1.pdf; PSR/Resolução 825/2025 quando disponível,https://www.saude.ce.gov.br/institucional/regionalizacao/,alto,ADS originalmente aparece como Beberibe na lista SESA 2022; ajustado para Cascavel conforme página atual da SESA/mapa usado no projeto.
Horizonte,Fortaleza,Cascavel,Cascavel,Hospital Municipal Nossa Senhora das Graças,2026-06-06,SESA Regionalização: lista_sr_ads_20220203-1.pdf; PSR/Resolução 825/2025 quando disponível,https://www.saude.ce.gov.br/institucional/regionalizacao/,alto,ADS originalmente aparece como Beberibe na lista SESA 2022; ajustado para Cascavel conforme página atual da SESA/mapa usado no projeto.
Pacajus,Fortaleza,Cascavel,Cascavel,Hospital Municipal Nossa Senhora das Graças,2026-06-06,SESA Regionalização: lista_sr_ads_20220203-1.pdf; PSR/Resolução 825/2025 quando disponível,https://www.saude.ce.gov.br/institucional/regionalizacao/,alto,ADS originalmente aparece como Beberibe na lista SESA 2022; ajustado para Cascavel conforme página atual da SESA/mapa usado no projeto.
Chorozinho,Fortaleza,Cascavel,Cascavel,Hospital Municipal Nossa Senhora das Graças,2026-06-06,SESA Regionalização: lista_sr_ads_20220203-1.pdf; PSR/Resolução 825/2025 quando disponível,https://www.saude.ce.gov.br/institucional/regionalizacao/,alto,ADS originalmente aparece como Beberibe na lista SESA 2022; ajustado para Cascavel conforme página atual da SESA/mapa usado no projeto.
Ocara,Fortaleza,Cascavel,Cascavel,Hospital Municipal Nossa Senhora das Graças,2026-06-06,SESA Regionalização: lista_sr_ads_20220203-1.pdf; PSR/Resolução 825/2025 quando disponível,https://www.saude.ce.gov.br/institucional/regionalizacao/,alto,ADS originalmente aparece como Beberibe na lista SESA 2022; ajustado para Cascavel conforme página atual da SESA/mapa usado no projeto.
Quixadá,Sertão Central,Quixadá,Quixadá,Hospital Municipal Jesus Maria José; Hospital Eudásio Barroso; Hospital Municipal Dr. Pontes Neto,2026-06-06,SESA Regionalização: lista_sr_ads_20220203-1.pdf; PSR/Resolução 825/2025 quando disponível,https://www.saude.ce.gov.br/institucional/regionalizacao/,alto,
Choró,Sertão Central,Quixadá,Quixadá,Hospital Municipal Jesus Maria José; Hospital Eudásio Barroso; Hospital Municipal Dr. Pontes Neto,2026-06-06,SESA Regionalização: lista_sr_ads_20220203-1.pdf; PSR/Resolução 825/2025 quando disponível,https://www.saude.ce.gov.br/institucional/regionalizacao/,alto,
Ibaretama,Sertão Central,Quixadá,Quixadá,Hospital Municipal Jesus Maria José; Hospital Eudásio Barroso; Hospital Municipal Dr. Pontes Neto,2026-06-06,SESA Regionalização: lista_sr_ads_20220203-1.pdf; PSR/Resolução 825/2025 quando disponível,https://www.saude.ce.gov.br/institucional/regionalizacao/,alto,
Ibicuitinga,Sertão Central,Quixadá,Quixadá,Hospital Municipal Jesus Maria José; Hospital Eudásio Barroso; Hospital Municipal Dr. Pontes Neto,2026-06-06,SESA Regionalização: lista_sr_ads_20220203-1.pdf; PSR/Resolução 825/2025 quando disponível,https://www.saude.ce.gov.br/institucional/regionalizacao/,alto,
Quixeramobim,Sertão Central,Quixadá,Quixadá,Hospital Municipal Jesus Maria José; Hospital Eudásio Barroso; Hospital Municipal Dr. Pontes Neto,2026-06-06,SESA Regionalização: lista_sr_ads_20220203-1.pdf; PSR/Resolução 825/2025 quando disponível,https://www.saude.ce.gov.br/institucional/regionalizacao/,alto,
Banabuiú,Sertão Central,Quixadá,Quixadá,Hospital Municipal Jesus Maria José; Hospital Eudásio Barroso; Hospital Municipal Dr. Pontes Neto,2026-06-06,SESA Regionalização: lista_sr_ads_20220203-1.pdf; PSR/Resolução 825/2025 quando disponível,https://www.saude.ce.gov.br/institucional/regionalizacao/,alto,
Pedra Branca,Sertão Central,Quixadá,Quixadá,Hospital Municipal Jesus Maria José; Hospital Eudásio Barroso; Hospital Municipal Dr. Pontes Neto,2026-06-06,SESA Regionalização: lista_sr_ads_20220203-1.pdf; PSR/Resolução 825/2025 quando disponível,https://www.saude.ce.gov.br/institucional/regionalizacao/,alto,
Senador Pompeu,Sertão Central,Quixadá,Quixadá,Hospital Municipal Jesus Maria José; Hospital Eudásio Barroso; Hospital Municipal Dr. Pontes Neto,2026-06-06,SESA Regionalização: lista_sr_ads_20220203-1.pdf; PSR/Resolução 825/2025 quando disponível,https://www.saude.ce.gov.br/institucional/regionalizacao/,alto,
Milhã,Sertão Central,Quixadá,Quixadá,Hospital Municipal Jesus Maria José; Hospital Eudásio Barroso; Hospital Municipal Dr. Pontes Neto,2026-06-06,SESA Regionalização: lista_sr_ads_20220203-1.pdf; PSR/Resolução 825/2025 quando disponível,https://www.saude.ce.gov.br/institucional/regionalizacao/,alto,
Solonópole,Sertão Central,Quixadá,Quixadá,Hospital Municipal Jesus Maria José; Hospital Eudásio Barroso; Hospital Municipal Dr. Pontes Neto,2026-06-06,SESA Regionalização: lista_sr_ads_20220203-1.pdf; PSR/Resolução 825/2025 quando disponível,https://www.saude.ce.gov.br/institucional/regionalizacao/,alto,
Canindé,Sertão Central,Canindé,Canindé,Hospital Regional São Francisco,2026-06-06,SESA Regionalização: lista_sr_ads_20220203-1.pdf; PSR/Resolução 825/2025 quando disponível,https://www.saude.ce.gov.br/institucional/regionalizacao/,alto,
Caridade,Sertão Central,Canindé,Canindé,Hospital Regional São Francisco,2026-06-06,SESA Regionalização: lista_sr_ads_20220203-1.pdf; PSR/Resolução 825/2025 quando disponível,https://www.saude.ce.gov.br/institucional/regionalizacao/,alto,
Paramoti,Sertão Central,Canindé,Canindé,Hospital Regional São Francisco,2026-06-06,SESA Regionalização: lista_sr_ads_20220203-1.pdf; PSR/Resolução 825/2025 quando disponível,https://www.saude.ce.gov.br/institucional/regionalizacao/,alto,
Itatira,Sertão Central,Canindé,Canindé,Hospital Regional São Francisco,2026-06-06,SESA Regionalização: lista_sr_ads_20220203-1.pdf; PSR/Resolução 825/2025 quando disponível,https://www.saude.ce.gov.br/institucional/regionalizacao/,alto,
Madalena,Sertão Central,Canindé,Canindé,Hospital Regional São Francisco,2026-06-06,SESA Regionalização: lista_sr_ads_20220203-1.pdf; PSR/Resolução 825/2025 quando disponível,https://www.saude.ce.gov.br/institucional/regionalizacao/,alto,
Boa Viagem,Sertão Central,Canindé,Canindé,Hospital Regional São Francisco,2026-06-06,SESA Regionalização: lista_sr_ads_20220203-1.pdf; PSR/Resolução 825/2025 quando disponível,https://www.saude.ce.gov.br/institucional/regionalizacao/,alto,
Tauá,Sertão Central,Tauá,Tauá,Hospital Alberto Feitosa,2026-06-06,SESA Regionalização: lista_sr_ads_20220203-1.pdf; PSR/Resolução 825/2025 quando disponível,https://www.saude.ce.gov.br/institucional/regionalizacao/,alto,
Parambu,Sertão Central,Tauá,Tauá,Hospital Alberto Feitosa,2026-06-06,SESA Regionalização: lista_sr_ads_20220203-1.pdf; PSR/Resolução 825/2025 quando disponível,https://www.saude.ce.gov.br/institucional/regionalizacao/,alto,
Aiuaba,Sertão Central,Tauá,Tauá,Hospital Alberto Feitosa,2026-06-06,SESA Regionalização: lista_sr_ads_20220203-1.pdf; PSR/Resolução 825/2025 quando disponível,https://www.saude.ce.gov.br/institucional/regionalizacao/,alto,
Arneiroz,Sertão Central,Tauá,Tauá,Hospital Alberto Feitosa,2026-06-06,SESA Regionalização: lista_sr_ads_20220203-1.pdf; PSR/Resolução 825/2025 quando disponível,https://www.saude.ce.gov.br/institucional/regionalizacao/,alto,
Limoeiro do Norte,Litoral Leste/Jaguaribe,Limoeiro do Norte,Limoeiro do Norte,Hospital São Raimundo,2026-06-06,SESA Regionalização: lista_sr_ads_20220203-1.pdf; PSR/Resolução 825/2025 quando disponível,https://www.saude.ce.gov.br/institucional/regionalizacao/,médio,
Quixeré,Litoral Leste/Jaguaribe,Limoeiro do Norte,Limoeiro do Norte,Hospital São Raimundo,2026-06-06,SESA Regionalização: lista_sr_ads_20220203-1.pdf; PSR/Resolução 825/2025 quando disponível,https://www.saude.ce.gov.br/institucional/regionalizacao/,médio,
Tabuleiro do Norte,Litoral Leste/Jaguaribe,Limoeiro do Norte,Limoeiro do Norte,Hospital São Raimundo,2026-06-06,SESA Regionalização: lista_sr_ads_20220203-1.pdf; PSR/Resolução 825/2025 quando disponível,https://www.saude.ce.gov.br/institucional/regionalizacao/,médio,
São João do Jaguaribe,Litoral Leste/Jaguaribe,Limoeiro do Norte,Limoeiro do Norte,Hospital São Raimundo,2026-06-06,SESA Regionalização: lista_sr_ads_20220203-1.pdf; PSR/Resolução 825/2025 quando disponível,https://www.saude.ce.gov.br/institucional/regionalizacao/,médio,
Alto Santo,Litoral Leste/Jaguaribe,Limoeiro do Norte,Limoeiro do Norte,Hospital São Raimundo,2026-06-06,SESA Regionalização: lista_sr_ads_20220203-1.pdf; PSR/Resolução 825/2025 quando disponível,https://www.saude.ce.gov.br/institucional/regionalizacao/,médio,
Jaguaribara,Litoral Leste/Jaguaribe,Limoeiro do Norte,Limoeiro do Norte,Hospital São Raimundo,2026-06-06,SESA Regionalização: lista_sr_ads_20220203-1.pdf; PSR/Resolução 825/2025 quando disponível,https://www.saude.ce.gov.br/institucional/regionalizacao/,médio,
Iracema,Litoral Leste/Jaguaribe,Limoeiro do Norte,Limoeiro do Norte,Hospital São Raimundo,2026-06-06,SESA Regionalização: lista_sr_ads_20220203-1.pdf; PSR/Resolução 825/2025 quando disponível,https://www.saude.ce.gov.br/institucional/regionalizacao/,médio,
Potiretama,Litoral Leste/Jaguaribe,Limoeiro do Norte,Limoeiro do Norte,Hospital São Raimundo,2026-06-06,SESA Regionalização: lista_sr_ads_20220203-1.pdf; PSR/Resolução 825/2025 quando disponível,https://www.saude.ce.gov.br/institucional/regionalizacao/,médio,
Jaguaribe,Litoral Leste/Jaguaribe,Limoeiro do Norte,Limoeiro do Norte,Hospital São Raimundo,2026-06-06,SESA Regionalização: lista_sr_ads_20220203-1.pdf; PSR/Resolução 825/2025 quando disponível,https://www.saude.ce.gov.br/institucional/regionalizacao/,médio,
Pereiro,Litoral Leste/Jaguaribe,Limoeiro do Norte,Limoeiro do Norte,Hospital São Raimundo,2026-06-06,SESA Regionalização: lista_sr_ads_20220203-1.pdf; PSR/Resolução 825/2025 quando disponível,https://www.saude.ce.gov.br/institucional/regionalizacao/,médio,
Ereré,Litoral Leste/Jaguaribe,Limoeiro do Norte,Limoeiro do Norte,Hospital São Raimundo,2026-06-06,SESA Regionalização: lista_sr_ads_20220203-1.pdf; PSR/Resolução 825/2025 quando disponível,https://www.saude.ce.gov.br/institucional/regionalizacao/,médio,
Aracati,Litoral Leste/Jaguaribe,Aracati,Aracati,Hospital Santa Luísa de Marillac; Hospital Municipal Eduardo Dias,2026-06-06,SESA Regionalização: lista_sr_ads_20220203-1.pdf; PSR/Resolução 825/2025 quando disponível,https://www.saude.ce.gov.br/institucional/regionalizacao/,alto,
Fortim,Litoral Leste/Jaguaribe,Aracati,Aracati,Hospital Santa Luísa de Marillac; Hospital Municipal Eduardo Dias,2026-06-06,SESA Regionalização: lista_sr_ads_20220203-1.pdf; PSR/Resolução 825/2025 quando disponível,https://www.saude.ce.gov.br/institucional/regionalizacao/,alto,
Icapuí,Litoral Leste/Jaguaribe,Aracati,Aracati,Hospital Santa Luísa de Marillac; Hospital Municipal Eduardo Dias,2026-06-06,SESA Regionalização: lista_sr_ads_20220203-1.pdf; PSR/Resolução 825/2025 quando disponível,https://www.saude.ce.gov.br/institucional/regionalizacao/,alto,
Itaiçaba,Litoral Leste/Jaguaribe,Aracati,Aracati,Hospital Santa Luísa de Marillac; Hospital Municipal Eduardo Dias,2026-06-06,SESA Regionalização: lista_sr_ads_20220203-1.pdf; PSR/Resolução 825/2025 quando disponível,https://www.saude.ce.gov.br/institucional/regionalizacao/,alto,
Russas,Litoral Leste/Jaguaribe,Russas,Russas,Casa de Saúde de Russas,2026-06-06,SESA Regionalização: lista_sr_ads_20220203-1.pdf; PSR/Resolução 825/2025 quando disponível,https://www.saude.ce.gov.br/institucional/regionalizacao/,alto,
Morada Nova,Litoral Leste/Jaguaribe,Russas,Russas,Casa de Saúde de Russas,2026-06-06,SESA Regionalização: lista_sr_ads_20220203-1.pdf; PSR/Resolução 825/2025 quando disponível,https://www.saude.ce.gov.br/institucional/regionalizacao/,alto,
Palhano,Litoral Leste/Jaguaribe,Russas,Russas,Casa de Saúde de Russas,2026-06-06,SESA Regionalização: lista_sr_ads_20220203-1.pdf; PSR/Resolução 825/2025 quando disponível,https://www.saude.ce.gov.br/institucional/regionalizacao/,alto,
Jaguaretama,Litoral Leste/Jaguaribe,Russas,Russas,Casa de Saúde de Russas,2026-06-06,SESA Regionalização: lista_sr_ads_20220203-1.pdf; PSR/Resolução 825/2025 quando disponível,https://www.saude.ce.gov.br/institucional/regionalizacao/,alto,
Jaguaruana,Litoral Leste/Jaguaribe,Russas,Russas,Casa de Saúde de Russas,2026-06-06,SESA Regionalização: lista_sr_ads_20220203-1.pdf; PSR/Resolução 825/2025 quando disponível,https://www.saude.ce.gov.br/institucional/regionalizacao/,alto,
Sobral,Norte,Sobral,Sobral,Santa Casa de Misericórdia de Sobral,2026-06-06,SESA Regionalização: lista_sr_ads_20220203-1.pdf; PSR/Resolução 825/2025 quando disponível,https://www.saude.ce.gov.br/institucional/regionalizacao/,alto,
Senador Sá,Norte,Sobral,Sobral,Santa Casa de Misericórdia de Sobral,2026-06-06,SESA Regionalização: lista_sr_ads_20220203-1.pdf; PSR/Resolução 825/2025 quando disponível,https://www.saude.ce.gov.br/institucional/regionalizacao/,alto,
Uruoca,Norte,Sobral,Sobral,Santa Casa de Misericórdia de Sobral,2026-06-06,SESA Regionalização: lista_sr_ads_20220203-1.pdf; PSR/Resolução 825/2025 quando disponível,https://www.saude.ce.gov.br/institucional/regionalizacao/,alto,
Santana do Acaraú,Norte,Sobral,Sobral,Santa Casa de Misericórdia de Sobral,2026-06-06,SESA Regionalização: lista_sr_ads_20220203-1.pdf; PSR/Resolução 825/2025 quando disponível,https://www.saude.ce.gov.br/institucional/regionalizacao/,alto,
Massapê,Norte,Sobral,Sobral,Santa Casa de Misericórdia de Sobral,2026-06-06,SESA Regionalização: lista_sr_ads_20220203-1.pdf; PSR/Resolução 825/2025 quando disponível,https://www.saude.ce.gov.br/institucional/regionalizacao/,alto,
Meruoca,Norte,Sobral,Sobral,Santa Casa de Misericórdia de Sobral,2026-06-06,SESA Regionalização: lista_sr_ads_20220203-1.pdf; PSR/Resolução 825/2025 quando disponível,https://www.saude.ce.gov.br/institucional/regionalizacao/,alto,
Moraújo,Norte,Sobral,Sobral,Santa Casa de Misericórdia de Sobral,2026-06-06,SESA Regionalização: lista_sr_ads_20220203-1.pdf; PSR/Resolução 825/2025 quando disponível,https://www.saude.ce.gov.br/institucional/regionalizacao/,alto,
Mucambo,Norte,Sobral,Sobral,Santa Casa de Misericórdia de Sobral,2026-06-06,SESA Regionalização: lista_sr_ads_20220203-1.pdf; PSR/Resolução 825/2025 quando disponível,https://www.saude.ce.gov.br/institucional/regionalizacao/,alto,
Coreaú,Norte,Sobral,Sobral,Santa Casa de Misericórdia de Sobral,2026-06-06,SESA Regionalização: lista_sr_ads_20220203-1.pdf; PSR/Resolução 825/2025 quando disponível,https://www.saude.ce.gov.br/institucional/regionalizacao/,alto,
Frecheirinha,Norte,Sobral,Sobral,Santa Casa de Misericórdia de Sobral,2026-06-06,SESA Regionalização: lista_sr_ads_20220203-1.pdf; PSR/Resolução 825/2025 quando disponível,https://www.saude.ce.gov.br/institucional/regionalizacao/,alto,
Alcântaras,Norte,Sobral,Sobral,Santa Casa de Misericórdia de Sobral,2026-06-06,SESA Regionalização: lista_sr_ads_20220203-1.pdf; PSR/Resolução 825/2025 quando disponível,https://www.saude.ce.gov.br/institucional/regionalizacao/,alto,
Forquilha,Norte,Sobral,Sobral,Santa Casa de Misericórdia de Sobral,2026-06-06,SESA Regionalização: lista_sr_ads_20220203-1.pdf; PSR/Resolução 825/2025 quando disponível,https://www.saude.ce.gov.br/institucional/regionalizacao/,alto,
Irauçuba,Norte,Sobral,Sobral,Santa Casa de Misericórdia de Sobral,2026-06-06,SESA Regionalização: lista_sr_ads_20220203-1.pdf; PSR/Resolução 825/2025 quando disponível,https://www.saude.ce.gov.br/institucional/regionalizacao/,alto,
Santa Quitéria,Norte,Sobral,Sobral,Santa Casa de Misericórdia de Sobral,2026-06-06,SESA Regionalização: lista_sr_ads_20220203-1.pdf; PSR/Resolução 825/2025 quando disponível,https://www.saude.ce.gov.br/institucional/regionalizacao/,alto,
Catunda,Norte,Sobral,Sobral,Santa Casa de Misericórdia de Sobral,2026-06-06,SESA Regionalização: lista_sr_ads_20220203-1.pdf; PSR/Resolução 825/2025 quando disponível,https://www.saude.ce.gov.br/institucional/regionalizacao/,alto,
Hidrolândia,Norte,Sobral,Sobral,Santa Casa de Misericórdia de Sobral,2026-06-06,SESA Regionalização: lista_sr_ads_20220203-1.pdf; PSR/Resolução 825/2025 quando disponível,https://www.saude.ce.gov.br/institucional/regionalizacao/,alto,
Ipu,Norte,Sobral,Sobral,Santa Casa de Misericórdia de Sobral,2026-06-06,SESA Regionalização: lista_sr_ads_20220203-1.pdf; PSR/Resolução 825/2025 quando disponível,https://www.saude.ce.gov.br/institucional/regionalizacao/,alto,
Pires Ferreira,Norte,Sobral,Sobral,Santa Casa de Misericórdia de Sobral,2026-06-06,SESA Regionalização: lista_sr_ads_20220203-1.pdf; PSR/Resolução 825/2025 quando disponível,https://www.saude.ce.gov.br/institucional/regionalizacao/,alto,
Reriutaba,Norte,Sobral,Sobral,Santa Casa de Misericórdia de Sobral,2026-06-06,SESA Regionalização: lista_sr_ads_20220203-1.pdf; PSR/Resolução 825/2025 quando disponível,https://www.saude.ce.gov.br/institucional/regionalizacao/,alto,
Graça,Norte,Sobral,Sobral,Santa Casa de Misericórdia de Sobral,2026-06-06,SESA Regionalização: lista_sr_ads_20220203-1.pdf; PSR/Resolução 825/2025 quando disponível,https://www.saude.ce.gov.br/institucional/regionalizacao/,alto,
Varjota,Norte,Sobral,Sobral,Santa Casa de Misericórdia de Sobral,2026-06-06,SESA Regionalização: lista_sr_ads_20220203-1.pdf; PSR/Resolução 825/2025 quando disponível,https://www.saude.ce.gov.br/institucional/regionalizacao/,alto,
Pacujá,Norte,Sobral,Sobral,Santa Casa de Misericórdia de Sobral,2026-06-06,SESA Regionalização: lista_sr_ads_20220203-1.pdf; PSR/Resolução 825/2025 quando disponível,https://www.saude.ce.gov.br/institucional/regionalizacao/,alto,
Cariré,Norte,Sobral,Sobral,Santa Casa de Misericórdia de Sobral,2026-06-06,SESA Regionalização: lista_sr_ads_20220203-1.pdf; PSR/Resolução 825/2025 quando disponível,https://www.saude.ce.gov.br/institucional/regionalizacao/,alto,
Groaíras,Norte,Sobral,Sobral,Santa Casa de Misericórdia de Sobral,2026-06-06,SESA Regionalização: lista_sr_ads_20220203-1.pdf; PSR/Resolução 825/2025 quando disponível,https://www.saude.ce.gov.br/institucional/regionalizacao/,alto,
Acaraú,Norte,Acaraú,Acaraú,Hospital Municipal de Acaraú; Hospital e Maternidade Dr. Moura Ferreira,2026-06-06,SESA Regionalização: lista_sr_ads_20220203-1.pdf; PSR/Resolução 825/2025 quando disponível,https://www.saude.ce.gov.br/institucional/regionalizacao/,alto,
Bela Cruz,Norte,Acaraú,Acaraú,Hospital Municipal de Acaraú; Hospital e Maternidade Dr. Moura Ferreira,2026-06-06,SESA Regionalização: lista_sr_ads_20220203-1.pdf; PSR/Resolução 825/2025 quando disponível,https://www.saude.ce.gov.br/institucional/regionalizacao/,alto,
Cruz,Norte,Acaraú,Acaraú,Hospital Municipal de Acaraú; Hospital e Maternidade Dr. Moura Ferreira,2026-06-06,SESA Regionalização: lista_sr_ads_20220203-1.pdf; PSR/Resolução 825/2025 quando disponível,https://www.saude.ce.gov.br/institucional/regionalizacao/,alto,
Itarema,Norte,Acaraú,Acaraú,Hospital Municipal de Acaraú; Hospital e Maternidade Dr. Moura Ferreira,2026-06-06,SESA Regionalização: lista_sr_ads_20220203-1.pdf; PSR/Resolução 825/2025 quando disponível,https://www.saude.ce.gov.br/institucional/regionalizacao/,alto,
Jijoca de Jericoacoara,Norte,Acaraú,Acaraú,Hospital Municipal de Acaraú; Hospital e Maternidade Dr. Moura Ferreira,2026-06-06,SESA Regionalização: lista_sr_ads_20220203-1.pdf; PSR/Resolução 825/2025 quando disponível,https://www.saude.ce.gov.br/institucional/regionalizacao/,alto,
Marco,Norte,Acaraú,Acaraú,Hospital Municipal de Acaraú; Hospital e Maternidade Dr. Moura Ferreira,2026-06-06,SESA Regionalização: lista_sr_ads_20220203-1.pdf; PSR/Resolução 825/2025 quando disponível,https://www.saude.ce.gov.br/institucional/regionalizacao/,alto,
Morrinhos,Norte,Acaraú,Acaraú,Hospital Municipal de Acaraú; Hospital e Maternidade Dr. Moura Ferreira,2026-06-06,SESA Regionalização: lista_sr_ads_20220203-1.pdf; PSR/Resolução 825/2025 quando disponível,https://www.saude.ce.gov.br/institucional/regionalizacao/,alto,
Tianguá,Norte,Tianguá,Tianguá,Hospital e Maternidade Madalena Nunes,2026-06-06,SESA Regionalização: lista_sr_ads_20220203-1.pdf; PSR/Resolução 825/2025 quando disponível,https://www.saude.ce.gov.br/institucional/regionalizacao/,alto,
Ubajara,Norte,Tianguá,Tianguá,Hospital e Maternidade Madalena Nunes,2026-06-06,SESA Regionalização: lista_sr_ads_20220203-1.pdf; PSR/Resolução 825/2025 quando disponível,https://www.saude.ce.gov.br/institucional/regionalizacao/,alto,
Viçosa do Ceará,Norte,Tianguá,Tianguá,Hospital e Maternidade Madalena Nunes,2026-06-06,SESA Regionalização: lista_sr_ads_20220203-1.pdf; PSR/Resolução 825/2025 quando disponível,https://www.saude.ce.gov.br/institucional/regionalizacao/,alto,
São Benedito,Norte,Tianguá,Tianguá,Hospital e Maternidade Madalena Nunes,2026-06-06,SESA Regionalização: lista_sr_ads_20220203-1.pdf; PSR/Resolução 825/2025 quando disponível,https://www.saude.ce.gov.br/institucional/regionalizacao/,alto,
Ibiapina,Norte,Tianguá,Tianguá,Hospital e Maternidade Madalena Nunes,2026-06-06,SESA Regionalização: lista_sr_ads_20220203-1.pdf; PSR/Resolução 825/2025 quando disponível,https://www.saude.ce.gov.br/institucional/regionalizacao/,alto,
Carnaubal,Norte,Tianguá,Tianguá,Hospital e Maternidade Madalena Nunes,2026-06-06,SESA Regionalização: lista_sr_ads_20220203-1.pdf; PSR/Resolução 825/2025 quando disponível,https://www.saude.ce.gov.br/institucional/regionalizacao/,alto,
Croatá,Norte,Tianguá,Tianguá,Hospital e Maternidade Madalena Nunes,2026-06-06,SESA Regionalização: lista_sr_ads_20220203-1.pdf; PSR/Resolução 825/2025 quando disponível,https://www.saude.ce.gov.br/institucional/regionalizacao/,alto,
Guaraciaba do Norte,Norte,Tianguá,Tianguá,Hospital e Maternidade Madalena Nunes,2026-06-06,SESA Regionalização: lista_sr_ads_20220203-1.pdf; PSR/Resolução 825/2025 quando disponível,https://www.saude.ce.gov.br/institucional/regionalizacao/,alto,
Crateús,Norte,Crateús,Crateús,Hospital São Lucas,2026-06-06,SESA Regionalização: lista_sr_ads_20220203-1.pdf; PSR/Resolução 825/2025 quando disponível,https://www.saude.ce.gov.br/institucional/regionalizacao/,alto,
Ipueiras,Norte,Crateús,Crateús,Hospital São Lucas,2026-06-06,SESA Regionalização: lista_sr_ads_20220203-1.pdf; PSR/Resolução 825/2025 quando disponível,https://www.saude.ce.gov.br/institucional/regionalizacao/,alto,
Poranga,Norte,Crateús,Crateús,Hospital São Lucas,2026-06-06,SESA Regionalização: lista_sr_ads_20220203-1.pdf; PSR/Resolução 825/2025 quando disponível,https://www.saude.ce.gov.br/institucional/regionalizacao/,alto,
Quiterianópolis,Norte,Crateús,Crateús,Hospital São Lucas,2026-06-06,SESA Regionalização: lista_sr_ads_20220203-1.pdf; PSR/Resolução 825/2025 quando disponível,https://www.saude.ce.gov.br/institucional/regionalizacao/,alto,
Nova Russas,Norte,Crateús,Crateús,Hospital São Lucas,2026-06-06,SESA Regionalização: lista_sr_ads_20220203-1.pdf; PSR/Resolução 825/2025 quando disponível,https://www.saude.ce.gov.br/institucional/regionalizacao/,alto,
Novo Oriente,Norte,Crateús,Crateús,Hospital São Lucas,2026-06-06,SESA Regionalização: lista_sr_ads_20220203-1.pdf; PSR/Resolução 825/2025 quando disponível,https://www.saude.ce.gov.br/institucional/regionalizacao/,alto,
Independência,Norte,Crateús,Crateús,Hospital São Lucas,2026-06-06,SESA Regionalização: lista_sr_ads_20220203-1.pdf; PSR/Resolução 825/2025 quando disponível,https://www.saude.ce.gov.br/institucional/regionalizacao/,alto,
Ipaporanga,Norte,Crateús,Crateús,Hospital São Lucas,2026-06-06,SESA Regionalização: lista_sr_ads_20220203-1.pdf; PSR/Resolução 825/2025 quando disponível,https://www.saude.ce.gov.br/institucional/regionalizacao/,alto,
Tamboril,Norte,Crateús,Crateús,Hospital São Lucas,2026-06-06,SESA Regionalização: lista_sr_ads_20220203-1.pdf; PSR/Resolução 825/2025 quando disponível,https://www.saude.ce.gov.br/institucional/regionalizacao/,alto,
Monsenhor Tabosa,Norte,Crateús,Crateús,Hospital São Lucas,2026-06-06,SESA Regionalização: lista_sr_ads_20220203-1.pdf; PSR/Resolução 825/2025 quando disponível,https://www.saude.ce.gov.br/institucional/regionalizacao/,alto,
Ararendá,Norte,Crateús,Crateús,Hospital São Lucas,2026-06-06,SESA Regionalização: lista_sr_ads_20220203-1.pdf; PSR/Resolução 825/2025 quando disponível,https://www.saude.ce.gov.br/institucional/regionalizacao/,alto,
Camocim,Norte,Camocim,Camocim,Hospital Deputado Murilo Aguiar,2026-06-06,SESA Regionalização: lista_sr_ads_20220203-1.pdf; PSR/Resolução 825/2025 quando disponível,https://www.saude.ce.gov.br/institucional/regionalizacao/,alto,
Barroquinha,Norte,Camocim,Camocim,Hospital Deputado Murilo Aguiar,2026-06-06,SESA Regionalização: lista_sr_ads_20220203-1.pdf; PSR/Resolução 825/2025 quando disponível,https://www.saude.ce.gov.br/institucional/regionalizacao/,alto,
Chaval,Norte,Camocim,Camocim,Hospital Deputado Murilo Aguiar,2026-06-06,SESA Regionalização: lista_sr_ads_20220203-1.pdf; PSR/Resolução 825/2025 quando disponível,https://www.saude.ce.gov.br/institucional/regionalizacao/,alto,
Martinópole,Norte,Camocim,Camocim,Hospital Deputado Murilo Aguiar,2026-06-06,SESA Regionalização: lista_sr_ads_20220203-1.pdf; PSR/Resolução 825/2025 quando disponível,https://www.saude.ce.gov.br/institucional/regionalizacao/,alto,
Granja,Norte,Camocim,Camocim,Hospital Deputado Murilo Aguiar,2026-06-06,SESA Regionalização: lista_sr_ads_20220203-1.pdf; PSR/Resolução 825/2025 quando disponível,https://www.saude.ce.gov.br/institucional/regionalizacao/,alto,
Juazeiro do Norte,Cariri,Juazeiro do Norte,Juazeiro do Norte,Hospital Regional do Cariri; Hospital e Maternidade São Lucas,2026-06-06,SESA Regionalização: lista_sr_ads_20220203-1.pdf; PSR/Resolução 825/2025 quando disponível,https://www.saude.ce.gov.br/institucional/regionalizacao/,alto,
Granjeiro,Cariri,Juazeiro do Norte,Juazeiro do Norte,Hospital Regional do Cariri; Hospital e Maternidade São Lucas,2026-06-06,SESA Regionalização: lista_sr_ads_20220203-1.pdf; PSR/Resolução 825/2025 quando disponível,https://www.saude.ce.gov.br/institucional/regionalizacao/,alto,
Caririaçu,Cariri,Juazeiro do Norte,Juazeiro do Norte,Hospital Regional do Cariri; Hospital e Maternidade São Lucas,2026-06-06,SESA Regionalização: lista_sr_ads_20220203-1.pdf; PSR/Resolução 825/2025 quando disponível,https://www.saude.ce.gov.br/institucional/regionalizacao/,alto,
Barbalha,Cariri,Juazeiro do Norte,Juazeiro do Norte,Hospital Regional do Cariri; Hospital e Maternidade São Lucas,2026-06-06,SESA Regionalização: lista_sr_ads_20220203-1.pdf; PSR/Resolução 825/2025 quando disponível,https://www.saude.ce.gov.br/institucional/regionalizacao/,alto,
Missão Velha,Cariri,Juazeiro do Norte,Juazeiro do Norte,Hospital Regional do Cariri; Hospital e Maternidade São Lucas,2026-06-06,SESA Regionalização: lista_sr_ads_20220203-1.pdf; PSR/Resolução 825/2025 quando disponível,https://www.saude.ce.gov.br/institucional/regionalizacao/,alto,
Jardim,Cariri,Juazeiro do Norte,Juazeiro do Norte,Hospital Regional do Cariri; Hospital e Maternidade São Lucas,2026-06-06,SESA Regionalização: lista_sr_ads_20220203-1.pdf; PSR/Resolução 825/2025 quando disponível,https://www.saude.ce.gov.br/institucional/regionalizacao/,alto,
Icó,Cariri,Icó,Icó,Hospital Regional de Icó Deputado Oriel Guimarães Nunes,2026-06-06,SESA Regionalização: lista_sr_ads_20220203-1.pdf; PSR/Resolução 825/2025 quando disponível,https://www.saude.ce.gov.br/institucional/regionalizacao/,alto,
Orós,Cariri,Icó,Icó,Hospital Regional de Icó Deputado Oriel Guimarães Nunes,2026-06-06,SESA Regionalização: lista_sr_ads_20220203-1.pdf; PSR/Resolução 825/2025 quando disponível,https://www.saude.ce.gov.br/institucional/regionalizacao/,alto,
Cedro,Cariri,Icó,Icó,Hospital Regional de Icó Deputado Oriel Guimarães Nunes,2026-06-06,SESA Regionalização: lista_sr_ads_20220203-1.pdf; PSR/Resolução 825/2025 quando disponível,https://www.saude.ce.gov.br/institucional/regionalizacao/,alto,
Várzea Alegre,Cariri,Icó,Icó,Hospital Regional de Icó Deputado Oriel Guimarães Nunes,2026-06-06,SESA Regionalização: lista_sr_ads_20220203-1.pdf; PSR/Resolução 825/2025 quando disponível,https://www.saude.ce.gov.br/institucional/regionalizacao/,alto,
Lavras da Mangabeira,Cariri,Icó,Icó,Hospital Regional de Icó Deputado Oriel Guimarães Nunes,2026-06-06,SESA Regionalização: lista_sr_ads_20220203-1.pdf; PSR/Resolução 825/2025 quando disponível,https://www.saude.ce.gov.br/institucional/regionalizacao/,alto,
Umari,Cariri,Icó,Icó,Hospital Regional de Icó Deputado Oriel Guimarães Nunes,2026-06-06,SESA Regionalização: lista_sr_ads_20220203-1.pdf; PSR/Resolução 825/2025 quando disponível,https://www.saude.ce.gov.br/institucional/regionalizacao/,alto,
Baixio,Cariri,Icó,Icó,Hospital Regional de Icó Deputado Oriel Guimarães Nunes,2026-06-06,SESA Regionalização: lista_sr_ads_20220203-1.pdf; PSR/Resolução 825/2025 quando disponível,https://www.saude.ce.gov.br/institucional/regionalizacao/,alto,
Ipaumirim,Cariri,Icó,Icó,Hospital Regional de Icó Deputado Oriel Guimarães Nunes,2026-06-06,SESA Regionalização: lista_sr_ads_20220203-1.pdf; PSR/Resolução 825/2025 quando disponível,https://www.saude.ce.gov.br/institucional/regionalizacao/,alto,
Iguatu,Cariri,Iguatu,Iguatu,Hospital Regional de Iguatu; Hospital e Maternidade Agenor Araújo,2026-06-06,SESA Regionalização: lista_sr_ads_20220203-1.pdf; PSR/Resolução 825/2025 quando disponível,https://www.saude.ce.gov.br/institucional/regionalizacao/,alto,
Mombaça,Cariri,Iguatu,Iguatu,Hospital Regional de Iguatu; Hospital e Maternidade Agenor Araújo,2026-06-06,SESA Regionalização: lista_sr_ads_20220203-1.pdf; PSR/Resolução 825/2025 quando disponível,https://www.saude.ce.gov.br/institucional/regionalizacao/,alto,
Deputado Irapuan Pinheiro,Cariri,Iguatu,Iguatu,Hospital Regional de Iguatu; Hospital e Maternidade Agenor Araújo,2026-06-06,SESA Regionalização: lista_sr_ads_20220203-1.pdf; PSR/Resolução 825/2025 quando disponível,https://www.saude.ce.gov.br/institucional/regionalizacao/,alto,
Piquet Carneiro,Cariri,Iguatu,Iguatu,Hospital Regional de Iguatu; Hospital e Maternidade Agenor Araújo,2026-06-06,SESA Regionalização: lista_sr_ads_20220203-1.pdf; PSR/Resolução 825/2025 quando disponível,https://www.saude.ce.gov.br/institucional/regionalizacao/,alto,
Acopiara,Cariri,Iguatu,Iguatu,Hospital Regional de Iguatu; Hospital e Maternidade Agenor Araújo,2026-06-06,SESA Regionalização: lista_sr_ads_20220203-1.pdf; PSR/Resolução 825/2025 quando disponível,https://www.saude.ce.gov.br/institucional/regionalizacao/,alto,
Catarina,Cariri,Iguatu,Iguatu,Hospital Regional de Iguatu; Hospital e Maternidade Agenor Araújo,2026-06-06,SESA Regionalização: lista_sr_ads_20220203-1.pdf; PSR/Resolução 825/2025 quando disponível,https://www.saude.ce.gov.br/institucional/regionalizacao/,alto,
Quixelô,Cariri,Iguatu,Iguatu,Hospital Regional de Iguatu; Hospital e Maternidade Agenor Araújo,2026-06-06,SESA Regionalização: lista_sr_ads_20220203-1.pdf; PSR/Resolução 825/2025 quando disponível,https://www.saude.ce.gov.br/institucional/regionalizacao/,alto,
Saboeiro,Cariri,Iguatu,Iguatu,Hospital Regional de Iguatu; Hospital e Maternidade Agenor Araújo,2026-06-06,SESA Regionalização: lista_sr_ads_20220203-1.pdf; PSR/Resolução 825/2025 quando disponível,https://www.saude.ce.gov.br/institucional/regionalizacao/,alto,
Jucás,Cariri,Iguatu,Iguatu,Hospital Regional de Iguatu; Hospital e Maternidade Agenor Araújo,2026-06-06,SESA Regionalização: lista_sr_ads_20220203-1.pdf; PSR/Resolução 825/2025 quando disponível,https://www.saude.ce.gov.br/institucional/regionalizacao/,alto,
Cariús,Cariri,Iguatu,Iguatu,Hospital Regional de Iguatu; Hospital e Maternidade Agenor Araújo,2026-06-06,SESA Regionalização: lista_sr_ads_20220203-1.pdf; PSR/Resolução 825/2025 quando disponível,https://www.saude.ce.gov.br/institucional/regionalizacao/,alto,
Brejo Santo,Cariri,Brejo Santo,Brejo Santo,Instituto Madre Tereza de Apoio à Vida; Instituto da Criança Menino Jesus de Praga,2026-06-06,SESA Regionalização: lista_sr_ads_20220203-1.pdf; PSR/Resolução 825/2025 quando disponível,https://www.saude.ce.gov.br/institucional/regionalizacao/,alto,
Aurora,Cariri,Brejo Santo,Brejo Santo,Instituto Madre Tereza de Apoio à Vida; Instituto da Criança Menino Jesus de Praga,2026-06-06,SESA Regionalização: lista_sr_ads_20220203-1.pdf; PSR/Resolução 825/2025 quando disponível,https://www.saude.ce.gov.br/institucional/regionalizacao/,alto,
Barro,Cariri,Brejo Santo,Brejo Santo,Instituto Madre Tereza de Apoio à Vida; Instituto da Criança Menino Jesus de Praga,2026-06-06,SESA Regionalização: lista_sr_ads_20220203-1.pdf; PSR/Resolução 825/2025 quando disponível,https://www.saude.ce.gov.br/institucional/regionalizacao/,alto,
Milagres,Cariri,Brejo Santo,Brejo Santo,Instituto Madre Tereza de Apoio à Vida; Instituto da Criança Menino Jesus de Praga,2026-06-06,SESA Regionalização: lista_sr_ads_20220203-1.pdf; PSR/Resolução 825/2025 quando disponível,https://www.saude.ce.gov.br/institucional/regionalizacao/,alto,
Abaiara,Cariri,Brejo Santo,Brejo Santo,Instituto Madre Tereza de Apoio à Vida; Instituto da Criança Menino Jesus de Praga,2026-06-06,SESA Regionalização: lista_sr_ads_20220203-1.pdf; PSR/Resolução 825/2025 quando disponível,https://www.saude.ce.gov.br/institucional/regionalizacao/,alto,
Mauriti,Cariri,Brejo Santo,Brejo Santo,Instituto Madre Tereza de Apoio à Vida; Instituto da Criança Menino Jesus de Praga,2026-06-06,SESA Regionalização: lista_sr_ads_20220203-1.pdf; PSR/Resolução 825/2025 quando disponível,https://www.saude.ce.gov.br/institucional/regionalizacao/,alto,
Jati,Cariri,Brejo Santo,Brejo Santo,Instituto Madre Tereza de Apoio à Vida; Instituto da Criança Menino Jesus de Praga,2026-06-06,SESA Regionalização: lista_sr_ads_20220203-1.pdf; PSR/Resolução 825/2025 quando disponível,https://www.saude.ce.gov.br/institucional/regionalizacao/,alto,
Penaforte,Cariri,Brejo Santo,Brejo Santo,Instituto Madre Tereza de Apoio à Vida; Instituto da Criança Menino Jesus de Praga,2026-06-06,SESA Regionalização: lista_sr_ads_20220203-1.pdf; PSR/Resolução 825/2025 quando disponível,https://www.saude.ce.gov.br/institucional/regionalizacao/,alto,
Porteiras,Cariri,Brejo Santo,Brejo Santo,Instituto Madre Tereza de Apoio à Vida; Instituto da Criança Menino Jesus de Praga,2026-06-06,SESA Regionalização: lista_sr_ads_20220203-1.pdf; PSR/Resolução 825/2025 quando disponível,https://www.saude.ce.gov.br/institucional/regionalizacao/,alto,
Crato,Cariri,Crato,Crato,Hospital e Maternidade São Francisco de Assis (Hospital São Camilo); Hospital São Raimundo,2026-06-06,SESA Regionalização: lista_sr_ads_20220203-1.pdf; PSR/Resolução 825/2025 quando disponível,https://www.saude.ce.gov.br/institucional/regionalizacao/,alto,
Campos Sales,Cariri,Crato,Crato,Hospital e Maternidade São Francisco de Assis (Hospital São Camilo); Hospital São Raimundo,2026-06-06,SESA Regionalização: lista_sr_ads_20220203-1.pdf; PSR/Resolução 825/2025 quando disponível,https://www.saude.ce.gov.br/institucional/regionalizacao/,alto,
Altaneira,Cariri,Crato,Crato,Hospital e Maternidade São Francisco de Assis (Hospital São Camilo); Hospital São Raimundo,2026-06-06,SESA Regionalização: lista_sr_ads_20220203-1.pdf; PSR/Resolução 825/2025 quando disponível,https://www.saude.ce.gov.br/institucional/regionalizacao/,alto,
Antonina do Norte,Cariri,Crato,Crato,Hospital e Maternidade São Francisco de Assis (Hospital São Camilo); Hospital São Raimundo,2026-06-06,SESA Regionalização: lista_sr_ads_20220203-1.pdf; PSR/Resolução 825/2025 quando disponível,https://www.saude.ce.gov.br/institucional/regionalizacao/,alto,
Araripe,Cariri,Crato,Crato,Hospital e Maternidade São Francisco de Assis (Hospital São Camilo); Hospital São Raimundo,2026-06-06,SESA Regionalização: lista_sr_ads_20220203-1.pdf; PSR/Resolução 825/2025 quando disponível,https://www.saude.ce.gov.br/institucional/regionalizacao/,alto,
Assaré,Cariri,Crato,Crato,Hospital e Maternidade São Francisco de Assis (Hospital São Camilo); Hospital São Raimundo,2026-06-06,SESA Regionalização: lista_sr_ads_20220203-1.pdf; PSR/Resolução 825/2025 quando disponível,https://www.saude.ce.gov.br/institucional/regionalizacao/,alto,
Farias Brito,Cariri,Crato,Crato,Hospital e Maternidade São Francisco de Assis (Hospital São Camilo); Hospital São Raimundo,2026-06-06,SESA Regionalização: lista_sr_ads_20220203-1.pdf; PSR/Resolução 825/2025 quando disponível,https://www.saude.ce.gov.br/institucional/regionalizacao/,alto,
Nova Olinda,Cariri,Crato,Crato,Hospital e Maternidade São Francisco de Assis (Hospital São Camilo); Hospital São Raimundo,2026-06-06,SESA Regionalização: lista_sr_ads_20220203-1.pdf; PSR/Resolução 825/2025 quando disponível,https://www.saude.ce.gov.br/institucional/regionalizacao/,alto,
Potengi,Cariri,Crato,Crato,Hospital e Maternidade São Francisco de Assis (Hospital São Camilo); Hospital São Raimundo,2026-06-06,SESA Regionalização: lista_sr_ads_20220203-1.pdf; PSR/Resolução 825/2025 quando disponível,https://www.saude.ce.gov.br/institucional/regionalizacao/,alto,
Salitre,Cariri,Crato,Crato,Hospital e Maternidade São Francisco de Assis (Hospital São Camilo); Hospital São Raimundo,2026-06-06,SESA Regionalização: lista_sr_ads_20220203-1.pdf; PSR/Resolução 825/2025 quando disponível,https://www.saude.ce.gov.br/institucional/regionalizacao/,alto,
Santana do Cariri,Cariri,Crato,Crato,Hospital e Maternidade São Francisco de Assis (Hospital São Camilo); Hospital São Raimundo,2026-06-06,SESA Regionalização: lista_sr_ads_20220203-1.pdf; PSR/Resolução 825/2025 quando disponível,https://www.saude.ce.gov.br/institucional/regionalizacao/,alto,
Tarrafas,Cariri,Crato,Crato,Hospital e Maternidade São Francisco de Assis (Hospital São Camilo); Hospital São Raimundo,2026-06-06,SESA Regionalização: lista_sr_ads_20220203-1.pdf; PSR/Resolução 825/2025 quando disponível,https://www.saude.ce.gov.br/institucional/regionalizacao/,alto,
