hospital,servico,disponivel,observacao,atualizado_em,fonte
Casa de Saúde de Russas,Anestesiologia,sim,,2026-06-06,ATENDIMENTO DOS HOSPITAIS POLOS.pdf / Resolução nº 825/2025-CIB/CE
Casa de Saúde de Russas,Cirurgia Geral,sim,,2026-06-06,ATENDIMENTO DOS HOSPITAIS POLOS.pdf / Resolução nº 825/2025-CIB/CE
Casa de Saúde de Russas,Clínica Médica,sim,,2026-06-06,ATENDIMENTO DOS HOSPITAIS POLOS.pdf / Resolução nº 825/2025-CIB/CE
Casa de Saúde de Russas,Neonatal,sim,,2026-06-06,ATENDIMENTO DOS HOSPITAIS POLOS.pdf / Resolução nº 825/2025-CIB/CE
Casa de Saúde de Russas,Obstetrícia,sim,,2026-06-06,ATENDIMENTO DOS HOSPITAIS POLOS.pdf / Resolução nº 825/2025-CIB/CE
Casa de Saúde de Russas,Pediatria,sim,,2026-06-06,ATENDIMENTO DOS HOSPITAIS POLOS.pdf / Resolução nº 825/2025-CIB/CE
Casa de Saúde de Russas,Traumato Ortopedia,sim,,2026-06-06,ATENDIMENTO DOS HOSPITAIS POLOS.pdf / Resolução nº 825/2025-CIB/CE
Hospital Alberto Feitosa,Anestesiologia,sim,,2026-06-06,ATENDIMENTO DOS HOSPITAIS POLOS.pdf / Resolução nº 825/2025-CIB/CE
Hospital Alberto Feitosa,Cirurgia Geral,sim,,2026-06-06,ATENDIMENTO DOS HOSPITAIS POLOS.pdf / Resolução nº 825/2025-CIB/CE
Hospital Alberto Feitosa,Clínica Médica,sim,,2026-06-06,ATENDIMENTO DOS HOSPITAIS POLOS.pdf / Resolução nº 825/2025-CIB/CE
Hospital Alberto Feitosa,Leitos Clínicos de Retaguarda,sim,,2026-06-06,REG_SERTAO_CENTRAL_FINAL.pdf / Proposta RUE 2022
Hospital Alberto Feitosa,Obstetrícia,sim,,2026-06-06,ATENDIMENTO DOS HOSPITAIS POLOS.pdf / Resolução nº 825/2025-CIB/CE
Hospital Alberto Feitosa,Pediatria,sim,,2026-06-06,ATENDIMENTO DOS HOSPITAIS POLOS.pdf / Resolução nº 825/2025-CIB/CE
Hospital Alberto Feitosa,Porta de Entrada RUE Geral,sim,,2026-06-06,REG_SERTAO_CENTRAL_FINAL.pdf / Proposta RUE 2022
Hospital Alberto Feitosa,Saúde Mental,sim,,2026-06-06,ATENDIMENTO DOS HOSPITAIS POLOS.pdf / Resolução nº 825/2025-CIB/CE
Hospital Alberto Feitosa,Traumato Ortopedia,sim,,2026-06-06,ATENDIMENTO DOS HOSPITAIS POLOS.pdf / Resolução nº 825/2025-CIB/CE
Hospital Alberto Feitosa,UTI Adulto,sim,,2026-06-06,ATENDIMENTO DOS HOSPITAIS POLOS.pdf / Resolução nº 825/2025-CIB/CE
Hospital Alberto Feitosa,UTI Adulto Tipo II (7 leitos),sim,,2026-06-06,REG_SERTAO_CENTRAL_FINAL.pdf / Proposta RUE 2022
Hospital Argeu Braga Herbster,Cirúrgica,sim,,2026-06-06,"REG_FORTALEZA_FINAL.pdf / Tabelas 33, 35"
Hospital Argeu Braga Herbster,Clínica Médica,sim,,2026-06-06,"REG_FORTALEZA_FINAL.pdf / Tabelas 33, 35"
Hospital Argeu Braga Herbster,Obstetrícia,sim,,2026-06-06,"REG_FORTALEZA_FINAL.pdf / Tabelas 33, 35"
Hospital Argeu Braga Herbster,Pediatria,sim,,2026-06-06,"REG_FORTALEZA_FINAL.pdf / Tabelas 33, 35"
Hospital Celestina Colares,Leitos Clínicos de Retaguarda,sim,,2026-06-06,REG_LITORAL_LESTE_FINAL.pdf / Quadro 11
Hospital Cura D Ars,Neonatal,sim,,2026-06-06,"REG_FORTALEZA_FINAL.pdf / Tabelas 33, 35"
Hospital Cura D Ars,Obstetrícia,sim,,2026-06-06,"REG_FORTALEZA_FINAL.pdf / Tabelas 33, 35"
Hospital Deputado Murilo Aguiar,UTI Adulto (10 leitos),sim,,2026-06-06,REG_SOBRAL_FINAL.pdf / Quadro 26
Hospital Estadual Leonardo da Vinci - HELV,Hospital Geral,sim,,2026-06-06,"REG_FORTALEZA_FINAL.pdf / Tabelas 33, 35"
Hospital Eudásio Barroso,Anestesiologia,sim,,2026-06-06,ATENDIMENTO DOS HOSPITAIS POLOS.pdf / Resolução nº 825/2025-CIB/CE
Hospital Eudásio Barroso,Clínica Médica,sim,,2026-06-06,ATENDIMENTO DOS HOSPITAIS POLOS.pdf / Resolução nº 825/2025-CIB/CE
Hospital Eudásio Barroso,Traumato Ortopedia,sim,,2026-06-06,ATENDIMENTO DOS HOSPITAIS POLOS.pdf / Resolução nº 825/2025-CIB/CE
Hospital Geral Dr. César Cals,Hospital Geral,sim,Registro histórico do PSR 2022. Habilitações assistenciais transferidas para o HUC conforme Resolução CIB/CE 903/2025; validar operação atual antes de usar como destino.,2026-06-06,PSR Fortaleza 2022; Resolução CIB/CE 903/2025
Hospital Geral Dr. Waldemar de Alcântara,Hospital Geral,sim,,2026-06-06,"REG_FORTALEZA_FINAL.pdf / Tabelas 33, 35"
Hospital Geral Luiza Alcântara,Anestesiologia,sim,,2026-06-06,ATENDIMENTO DOS HOSPITAIS POLOS.pdf / Resolução nº 825/2025-CIB/CE
Hospital Geral Luiza Alcântara,Clínica Médica,sim,,2026-06-06,ATENDIMENTO DOS HOSPITAIS POLOS.pdf / Resolução nº 825/2025-CIB/CE
Hospital Geral Luiza Alcântara,Obstetrícia,sim,,2026-06-06,ATENDIMENTO DOS HOSPITAIS POLOS.pdf / Resolução nº 825/2025-CIB/CE
Hospital Geral Luiza Alcântara,UTI Adulto,sim,,2026-06-06,ATENDIMENTO DOS HOSPITAIS POLOS.pdf / Resolução nº 825/2025-CIB/CE
Hospital Geral de Fortaleza,Hospital Geral,sim,,2026-06-06,"REG_FORTALEZA_FINAL.pdf / Tabelas 33, 35"
Hospital Infantil Albert Sabin,Pediatria,sim,,2026-06-06,"REG_FORTALEZA_FINAL.pdf / Tabelas 33, 35"
Hospital Manuel Assunção Pires,Obstetrícia,sim,,2026-06-06,"REG_FORTALEZA_FINAL.pdf / Tabelas 33, 35"
Hospital Monsenhor Dourado,Clínica Médica,sim,,2026-06-06,"REG_FORTALEZA_FINAL.pdf / Tabelas 33, 35"
Hospital Monsenhor Dourado,Obstetrícia,sim,,2026-06-06,"REG_FORTALEZA_FINAL.pdf / Tabelas 33, 35"
Hospital Municipal Abelardo Gadelha da Rocha,Anestesiologia,sim,,2026-06-06,ATENDIMENTO DOS HOSPITAIS POLOS.pdf / Resolução nº 825/2025-CIB/CE
Hospital Municipal Abelardo Gadelha da Rocha,Cirurgia Geral,sim,,2026-06-06,ATENDIMENTO DOS HOSPITAIS POLOS.pdf / Resolução nº 825/2025-CIB/CE
Hospital Municipal Abelardo Gadelha da Rocha,Clínica Médica,sim,,2026-06-06,ATENDIMENTO DOS HOSPITAIS POLOS.pdf / Resolução nº 825/2025-CIB/CE
Hospital Municipal Abelardo Gadelha da Rocha,Pediatria,sim,,2026-06-06,ATENDIMENTO DOS HOSPITAIS POLOS.pdf / Resolução nº 825/2025-CIB/CE
Hospital Municipal Abelardo Gadelha da Rocha,Traumato Ortopedia,sim,,2026-06-06,ATENDIMENTO DOS HOSPITAIS POLOS.pdf / Resolução nº 825/2025-CIB/CE
Hospital Municipal Abelardo Gadelha da Rocha,UTI Adulto,sim,,2026-06-06,ATENDIMENTO DOS HOSPITAIS POLOS.pdf / Resolução nº 825/2025-CIB/CE
Hospital Municipal Amadeu Sá,Anestesiologia,sim,,2026-06-06,ATENDIMENTO DOS HOSPITAIS POLOS.pdf / Resolução nº 825/2025-CIB/CE
Hospital Municipal Amadeu Sá,Obstetrícia,sim,,2026-06-06,ATENDIMENTO DOS HOSPITAIS POLOS.pdf / Resolução nº 825/2025-CIB/CE
Hospital Municipal Amadeu Sá,UTI Adulto,sim,,2026-06-06,ATENDIMENTO DOS HOSPITAIS POLOS.pdf / Resolução nº 825/2025-CIB/CE
Hospital Municipal Dr. Pontes Neto,Anestesiologia,sim,,2026-06-06,ATENDIMENTO DOS HOSPITAIS POLOS.pdf / Resolução nº 825/2025-CIB/CE
Hospital Municipal Dr. Pontes Neto,Cirurgia Geral,sim,,2026-06-06,ATENDIMENTO DOS HOSPITAIS POLOS.pdf / Resolução nº 825/2025-CIB/CE
Hospital Municipal Dr. Pontes Neto,Clínica Médica,sim,,2026-06-06,ATENDIMENTO DOS HOSPITAIS POLOS.pdf / Resolução nº 825/2025-CIB/CE
Hospital Municipal Dr. Pontes Neto,Obstetrícia,sim,,2026-06-06,ATENDIMENTO DOS HOSPITAIS POLOS.pdf / Resolução nº 825/2025-CIB/CE
Hospital Municipal Dr. Pontes Neto,Porta de Entrada RUE Geral,sim,,2026-06-06,REG_SERTAO_CENTRAL_FINAL.pdf / Proposta RUE 2022
Hospital Municipal Dr. Pontes Neto,Traumato Ortopedia,sim,,2026-06-06,ATENDIMENTO DOS HOSPITAIS POLOS.pdf / Resolução nº 825/2025-CIB/CE
Hospital Municipal Eduardo Dias,Anestesiologia,sim,,2026-06-06,ATENDIMENTO DOS HOSPITAIS POLOS.pdf / Resolução nº 825/2025-CIB/CE
Hospital Municipal Eduardo Dias,Cirurgia Geral,sim,,2026-06-06,ATENDIMENTO DOS HOSPITAIS POLOS.pdf / Resolução nº 825/2025-CIB/CE
Hospital Municipal Eduardo Dias,Clínica Médica,sim,,2026-06-06,ATENDIMENTO DOS HOSPITAIS POLOS.pdf / Resolução nº 825/2025-CIB/CE
Hospital Municipal Eduardo Dias,Traumato Ortopedia,sim,,2026-06-06,ATENDIMENTO DOS HOSPITAIS POLOS.pdf / Resolução nº 825/2025-CIB/CE
Hospital Municipal Jesus Maria José,Anestesiologia,sim,,2026-06-06,ATENDIMENTO DOS HOSPITAIS POLOS.pdf / Resolução nº 825/2025-CIB/CE
Hospital Municipal Jesus Maria José,Cirurgia Geral,sim,,2026-06-06,ATENDIMENTO DOS HOSPITAIS POLOS.pdf / Resolução nº 825/2025-CIB/CE
Hospital Municipal Jesus Maria José,Clínica Médica,sim,,2026-06-06,ATENDIMENTO DOS HOSPITAIS POLOS.pdf / Resolução nº 825/2025-CIB/CE
Hospital Municipal Jesus Maria José,Neonatal,sim,,2026-06-06,ATENDIMENTO DOS HOSPITAIS POLOS.pdf / Resolução nº 825/2025-CIB/CE
Hospital Municipal Jesus Maria José,Obstetrícia,sim,,2026-06-06,ATENDIMENTO DOS HOSPITAIS POLOS.pdf / Resolução nº 825/2025-CIB/CE
Hospital Municipal Jesus Maria José,Pediatria,sim,,2026-06-06,ATENDIMENTO DOS HOSPITAIS POLOS.pdf / Resolução nº 825/2025-CIB/CE
Hospital Municipal Jesus Maria José,Porta de Entrada RUE Geral,sim,,2026-06-06,REG_SERTAO_CENTRAL_FINAL.pdf / Proposta RUE 2022
Hospital Municipal Jesus Maria José,UTI Adulto,sim,,2026-06-06,ATENDIMENTO DOS HOSPITAIS POLOS.pdf / Resolução nº 825/2025-CIB/CE
Hospital Municipal Jesus Maria José,UTI Adulto Tipo II (7 leitos),sim,,2026-06-06,REG_SERTAO_CENTRAL_FINAL.pdf / Proposta RUE 2022
Hospital Municipal Jesus Maria José,UTI Neonatal,sim,,2026-06-06,ATENDIMENTO DOS HOSPITAIS POLOS.pdf / Resolução nº 825/2025-CIB/CE
Hospital Municipal José Pinto do Carmo,Anestesiologia,sim,,2026-06-06,ATENDIMENTO DOS HOSPITAIS POLOS.pdf / Resolução nº 825/2025-CIB/CE
Hospital Municipal José Pinto do Carmo,Obstetrícia,sim,,2026-06-06,ATENDIMENTO DOS HOSPITAIS POLOS.pdf / Resolução nº 825/2025-CIB/CE
Hospital Municipal José Pinto do Carmo,Pediatria,sim,,2026-06-06,ATENDIMENTO DOS HOSPITAIS POLOS.pdf / Resolução nº 825/2025-CIB/CE
Hospital Municipal João Elísio de Holanda,Anestesiologia,sim,,2026-06-06,ATENDIMENTO DOS HOSPITAIS POLOS.pdf / Resolução nº 825/2025-CIB/CE
Hospital Municipal João Elísio de Holanda,Cirurgia Geral,sim,,2026-06-06,ATENDIMENTO DOS HOSPITAIS POLOS.pdf / Resolução nº 825/2025-CIB/CE
Hospital Municipal João Elísio de Holanda,Clínica Médica,sim,,2026-06-06,ATENDIMENTO DOS HOSPITAIS POLOS.pdf / Resolução nº 825/2025-CIB/CE
Hospital Municipal João Elísio de Holanda,Neonatal,sim,,2026-06-06,ATENDIMENTO DOS HOSPITAIS POLOS.pdf / Resolução nº 825/2025-CIB/CE
Hospital Municipal João Elísio de Holanda,Obstetrícia,sim,,2026-06-06,ATENDIMENTO DOS HOSPITAIS POLOS.pdf / Resolução nº 825/2025-CIB/CE
Hospital Municipal João Elísio de Holanda,Pediatria,sim,,2026-06-06,ATENDIMENTO DOS HOSPITAIS POLOS.pdf / Resolução nº 825/2025-CIB/CE
Hospital Municipal João Elísio de Holanda,UTI Adulto,sim,,2026-06-06,ATENDIMENTO DOS HOSPITAIS POLOS.pdf / Resolução nº 825/2025-CIB/CE
Hospital Municipal Nossa Senhora das Graças,Anestesiologia,sim,,2026-06-06,ATENDIMENTO DOS HOSPITAIS POLOS.pdf / Resolução nº 825/2025-CIB/CE
Hospital Municipal Nossa Senhora das Graças,Obstetrícia,sim,,2026-06-06,ATENDIMENTO DOS HOSPITAIS POLOS.pdf / Resolução nº 825/2025-CIB/CE
Hospital Municipal Nossa Senhora das Graças,Pediatria,sim,,2026-06-06,ATENDIMENTO DOS HOSPITAIS POLOS.pdf / Resolução nº 825/2025-CIB/CE
Hospital Municipal Santa Izabel,Anestesiologia,sim,,2026-06-06,ATENDIMENTO DOS HOSPITAIS POLOS.pdf / Resolução nº 825/2025-CIB/CE
Hospital Municipal Santa Izabel,Cirurgia Geral,sim,,2026-06-06,ATENDIMENTO DOS HOSPITAIS POLOS.pdf / Resolução nº 825/2025-CIB/CE
Hospital Municipal Santa Izabel,Clínica Médica,sim,,2026-06-06,ATENDIMENTO DOS HOSPITAIS POLOS.pdf / Resolução nº 825/2025-CIB/CE
Hospital Municipal Santa Izabel,Traumato Ortopedia,sim,,2026-06-06,ATENDIMENTO DOS HOSPITAIS POLOS.pdf / Resolução nº 825/2025-CIB/CE
Hospital Municipal Santa Izabel,UTI Adulto,sim,,2026-06-06,ATENDIMENTO DOS HOSPITAIS POLOS.pdf / Resolução nº 825/2025-CIB/CE
Hospital Municipal de Acaraú,Cirurgia Geral,sim,,2026-06-06,REG_SOBRAL_FINAL.pdf / Quadro 26
Hospital Municipal de Acaraú,Clínica Médica,sim,,2026-06-06,REG_SOBRAL_FINAL.pdf / Quadro 26
Hospital Municipal de Acaraú,Traumato Ortopedia Adulto,sim,,2026-06-06,REG_SOBRAL_FINAL.pdf / Quadro 26
Hospital Municipal de Acaraú,Traumato Ortopedia Pediátrica,sim,,2026-06-06,REG_SOBRAL_FINAL.pdf / Quadro 26
Hospital Municipal de Acaraú,UTI Adulto,sim,,2026-06-06,REG_SOBRAL_FINAL.pdf / Quadro 26
Hospital Paulo Sarasate,Cirúrgica,sim,,2026-06-06,"REG_FORTALEZA_FINAL.pdf / Tabelas 33, 35"
Hospital Paulo Sarasate,Clínica Médica,sim,,2026-06-06,"REG_FORTALEZA_FINAL.pdf / Tabelas 33, 35"
Hospital Paulo Sarasate,Obstetrícia,sim,,2026-06-06,"REG_FORTALEZA_FINAL.pdf / Tabelas 33, 35"
Hospital Paulo Sarasate,Pediatria,sim,,2026-06-06,"REG_FORTALEZA_FINAL.pdf / Tabelas 33, 35"
Hospital Regional Francisco Galvão,Leitos Clínicos de Retaguarda,sim,,2026-06-06,REG_LITORAL_LESTE_FINAL.pdf / Quadro 11
Hospital Regional São Francisco,Anestesiologia,sim,,2026-06-06,ATENDIMENTO DOS HOSPITAIS POLOS.pdf / Resolução nº 825/2025-CIB/CE
Hospital Regional São Francisco,Anestesiologia 2,sim,,2026-06-06,ATENDIMENTO DOS HOSPITAIS POLOS.pdf / Resolução nº 825/2025-CIB/CE
Hospital Regional São Francisco,Cirurgia Geral,sim,,2026-06-06,ATENDIMENTO DOS HOSPITAIS POLOS.pdf / Resolução nº 825/2025-CIB/CE
Hospital Regional São Francisco,Clínica Médica,sim,,2026-06-06,ATENDIMENTO DOS HOSPITAIS POLOS.pdf / Resolução nº 825/2025-CIB/CE
Hospital Regional São Francisco,Leitos Clínicos de Retaguarda,sim,,2026-06-06,REG_SERTAO_CENTRAL_FINAL.pdf / Proposta RUE 2022
Hospital Regional São Francisco,Neonatal,sim,,2026-06-06,ATENDIMENTO DOS HOSPITAIS POLOS.pdf / Resolução nº 825/2025-CIB/CE
Hospital Regional São Francisco,Obstetrícia,sim,,2026-06-06,ATENDIMENTO DOS HOSPITAIS POLOS.pdf / Resolução nº 825/2025-CIB/CE
Hospital Regional São Francisco,Pediatria,sim,,2026-06-06,ATENDIMENTO DOS HOSPITAIS POLOS.pdf / Resolução nº 825/2025-CIB/CE
Hospital Regional São Francisco,Porta de Entrada RUE Geral,sim,,2026-06-06,REG_SERTAO_CENTRAL_FINAL.pdf / Proposta RUE 2022
Hospital Regional São Francisco,Traumato Ortopedia,sim,,2026-06-06,ATENDIMENTO DOS HOSPITAIS POLOS.pdf / Resolução nº 825/2025-CIB/CE
Hospital Regional São Francisco,UTI Adulto,sim,,2026-06-06,ATENDIMENTO DOS HOSPITAIS POLOS.pdf / Resolução nº 825/2025-CIB/CE
Hospital Regional São Francisco,UTI Adulto Tipo II (7 leitos),sim,,2026-06-06,REG_SERTAO_CENTRAL_FINAL.pdf / Proposta RUE 2022
Hospital Regional Vale do Jaguaribe,Alta Complexidade em Traumatologia,sim,,2026-06-06,REG_LITORAL_LESTE_FINAL.pdf / Quadro 11
Hospital Regional Vale do Jaguaribe,Leitos Clínicos de Retaguarda,sim,,2026-06-06,REG_LITORAL_LESTE_FINAL.pdf / Quadro 11
Hospital Regional Vale do Jaguaribe,UTI Adulto (implantação 10 leitos),sim,,2026-06-06,REG_LITORAL_LESTE_FINAL.pdf / Quadro 11
Hospital Regional Vale do Jaguaribe,UTI Infantil (implantação 10 leitos),sim,,2026-06-06,REG_LITORAL_LESTE_FINAL.pdf / Quadro 11
Hospital Regional Vale do Jaguaribe,Unidade Coronariana - UCO (implantação 10 leitos),sim,,2026-06-06,REG_LITORAL_LESTE_FINAL.pdf / Quadro 11
Hospital Regional do Sertão Central,Leitos Clínicos de Retaguarda,sim,,2026-06-06,REG_SERTAO_CENTRAL_FINAL.pdf / Proposta RUE 2022
Hospital Regional do Sertão Central,Porta de Entrada RUE Tipo I,sim,,2026-06-06,REG_SERTAO_CENTRAL_FINAL.pdf / Proposta RUE 2022
Hospital Regional do Sertão Central,UTI Adulto Tipo II (24 leitos),sim,,2026-06-06,REG_SERTAO_CENTRAL_FINAL.pdf / Proposta RUE 2022
Hospital Regional do Sertão Central,Unidade de AVC Agudo (10 leitos),sim,,2026-06-06,REG_SERTAO_CENTRAL_FINAL.pdf / Proposta RUE 2022
Hospital Regional do Sertão Central,Unidade de AVC Integral (10 leitos),sim,,2026-06-06,REG_SERTAO_CENTRAL_FINAL.pdf / Proposta RUE 2022
Hospital Santa Luísa de Marillac,Anestesiologia,sim,,2026-06-06,ATENDIMENTO DOS HOSPITAIS POLOS.pdf / Resolução nº 825/2025-CIB/CE
Hospital Santa Luísa de Marillac,Cirurgia Geral,sim,,2026-06-06,ATENDIMENTO DOS HOSPITAIS POLOS.pdf / Resolução nº 825/2025-CIB/CE
Hospital Santa Luísa de Marillac,Neonatal,sim,,2026-06-06,ATENDIMENTO DOS HOSPITAIS POLOS.pdf / Resolução nº 825/2025-CIB/CE
Hospital Santa Luísa de Marillac,Obstetrícia,sim,,2026-06-06,ATENDIMENTO DOS HOSPITAIS POLOS.pdf / Resolução nº 825/2025-CIB/CE
Hospital Santa Luísa de Marillac,Pediatria,sim,,2026-06-06,ATENDIMENTO DOS HOSPITAIS POLOS.pdf / Resolução nº 825/2025-CIB/CE
Hospital Santa Terezinha,Obstetrícia,sim,,2026-06-06,ATENDIMENTO DOS HOSPITAIS POLOS.pdf / Resolução nº 825/2025-CIB/CE
Hospital São José,Hospital Geral,sim,,2026-06-06,"REG_FORTALEZA_FINAL.pdf / Tabelas 33, 35"
Hospital São Lucas,Serviço de Alta Complexidade de Traumato Ortopedia,sim,,2026-06-06,REG_SOBRAL_FINAL.pdf / Quadro 26
Hospital São Lucas,UNACON,sim,,2026-06-06,REG_SOBRAL_FINAL.pdf / Quadro 26
Hospital São Lucas,UTI Pediátrica,sim,,2026-06-06,REG_SOBRAL_FINAL.pdf / Quadro 26
Hospital São Raimundo,Anestesiologia,sim,,2026-06-06,ATENDIMENTO DOS HOSPITAIS POLOS.pdf / Resolução nº 825/2025-CIB/CE
Hospital São Raimundo,Cirurgia Geral,sim,,2026-06-06,ATENDIMENTO DOS HOSPITAIS POLOS.pdf / Resolução nº 825/2025-CIB/CE
Hospital São Raimundo,Clínica Médica,sim,,2026-06-06,ATENDIMENTO DOS HOSPITAIS POLOS.pdf / Resolução nº 825/2025-CIB/CE
Hospital São Raimundo,Obstetrícia,sim,,2026-06-06,ATENDIMENTO DOS HOSPITAIS POLOS.pdf / Resolução nº 825/2025-CIB/CE
Hospital São Raimundo,Pediatria,sim,,2026-06-06,ATENDIMENTO DOS HOSPITAIS POLOS.pdf / Resolução nº 825/2025-CIB/CE
Hospital São Raimundo,Traumato Ortopedia,sim,,2026-06-06,ATENDIMENTO DOS HOSPITAIS POLOS.pdf / Resolução nº 825/2025-CIB/CE
Hospital São Vicente,Saúde Mental,sim,,2026-06-06,"REG_FORTALEZA_FINAL.pdf / Tabelas 33, 35"
Hospital São Vicente de Paulo,Anestesiologia,sim,,2026-06-06,ATENDIMENTO DOS HOSPITAIS POLOS.pdf / Resolução nº 825/2025-CIB/CE
Hospital São Vicente de Paulo,Anestesiologia 2,sim,,2026-06-06,ATENDIMENTO DOS HOSPITAIS POLOS.pdf / Resolução nº 825/2025-CIB/CE
Hospital São Vicente de Paulo,Cirurgia Geral,sim,,2026-06-06,ATENDIMENTO DOS HOSPITAIS POLOS.pdf / Resolução nº 825/2025-CIB/CE
Hospital São Vicente de Paulo,Clínica Médica,sim,,2026-06-06,ATENDIMENTO DOS HOSPITAIS POLOS.pdf / Resolução nº 825/2025-CIB/CE
Hospital São Vicente de Paulo,Neonatal,sim,,2026-06-06,ATENDIMENTO DOS HOSPITAIS POLOS.pdf / Resolução nº 825/2025-CIB/CE
Hospital São Vicente de Paulo,Obstetrícia,sim,,2026-06-06,ATENDIMENTO DOS HOSPITAIS POLOS.pdf / Resolução nº 825/2025-CIB/CE
Hospital São Vicente de Paulo,Pediatria,sim,,2026-06-06,ATENDIMENTO DOS HOSPITAIS POLOS.pdf / Resolução nº 825/2025-CIB/CE
Hospital São Vicente de Paulo,Traumato Ortopedia,sim,,2026-06-06,ATENDIMENTO DOS HOSPITAIS POLOS.pdf / Resolução nº 825/2025-CIB/CE
Hospital São Vicente de Paulo,UTI Adulto (20 leitos),sim,,2026-06-06,ATENDIMENTO DOS HOSPITAIS POLOS.pdf / Resolução nº 825/2025-CIB/CE
Hospital Venâncio Raimundo de Sousa,Obstetrícia,sim,,2026-06-06,"REG_FORTALEZA_FINAL.pdf / Tabelas 33, 35"
Hospital de Messejana Dr. Carlos Alberto Studart Gomes,Cardiologia,sim,,2026-06-06,"REG_FORTALEZA_FINAL.pdf / Tabelas 33, 35"
Hospital de Saúde Mental Professor Frota Pinto,Psiquiatria,sim,,2026-06-06,"REG_FORTALEZA_FINAL.pdf / Tabelas 33, 35"
Hospital de Saúde Mental Professor Frota Pinto,Saúde Mental,sim,,2026-06-06,"REG_FORTALEZA_FINAL.pdf / Tabelas 33, 35"
Hospital e Maternidade Dr. Moura Ferreira,Hospital estratégico da Região Acaraú,sim,,2026-06-06,REG_SOBRAL_FINAL.pdf / Quadro 26
Hospital e Maternidade José Martiniano de Alencar,Hospital Geral,sim,,2026-06-06,"REG_FORTALEZA_FINAL.pdf / Tabelas 33, 35"
Hospital e Maternidade Madalena Nunes,Serviço de Alta Complexidade de Traumato Ortopedia,sim,,2026-06-06,REG_SOBRAL_FINAL.pdf / Quadro 26
Hospital e Maternidade Madalena Nunes,UNACON,sim,,2026-06-06,REG_SOBRAL_FINAL.pdf / Quadro 26
Hospital e Maternidade Madalena Nunes,UTI Pediátrica,sim,,2026-06-06,REG_SOBRAL_FINAL.pdf / Quadro 26
Maternidade Escola Assis Chateaubriand,Anestesiologia,sim,,2026-06-06,ATENDIMENTO DOS HOSPITAIS POLOS.pdf / Resolução nº 825/2025-CIB/CE
Maternidade Escola Assis Chateaubriand,Cirurgia Ginecológica,sim,,2026-06-06,ATENDIMENTO DOS HOSPITAIS POLOS.pdf / Resolução nº 825/2025-CIB/CE
Maternidade Escola Assis Chateaubriand,Neonatal,sim,,2026-06-06,ATENDIMENTO DOS HOSPITAIS POLOS.pdf / Resolução nº 825/2025-CIB/CE
Maternidade Escola Assis Chateaubriand,Obstetrícia,sim,,2026-06-06,ATENDIMENTO DOS HOSPITAIS POLOS.pdf / Resolução nº 825/2025-CIB/CE
Município de Tianguá,Clínica de Terapia Renal Substitutiva,sim,,2026-06-06,REG_SOBRAL_FINAL.pdf / Quadro 26
SOPAI - Hospital Luís de França,Pediatria,sim,,2026-06-06,ATENDIMENTO DOS HOSPITAIS POLOS.pdf / Resolução nº 825/2025-CIB/CE
SOPAI - Hospital Luís de França,UTI Pediátrica,sim,,2026-06-06,ATENDIMENTO DOS HOSPITAIS POLOS.pdf / Resolução nº 825/2025-CIB/CE
SOPAI - Hospital Luís de França,UTI Pediátrica 2,sim,,2026-06-06,ATENDIMENTO DOS HOSPITAIS POLOS.pdf / Resolução nº 825/2025-CIB/CE
Santa Casa de Misericórdia de Fortaleza,Cirúrgica,sim,,2026-06-06,"REG_FORTALEZA_FINAL.pdf / Tabelas 33, 35"
Santa Casa de Misericórdia de Fortaleza,Clínica Médica,sim,,2026-06-06,"REG_FORTALEZA_FINAL.pdf / Tabelas 33, 35"
Santa Casa de Misericórdia de Fortaleza,Oncológica,sim,,2026-06-06,"REG_FORTALEZA_FINAL.pdf / Tabelas 33, 35"
Santa Casa de Misericórdia de Fortaleza,Traumato Ortopédica,sim,,2026-06-06,"REG_FORTALEZA_FINAL.pdf / Tabelas 33, 35"
Santa Casa de Misericórdia de Sobral,Serviço de Alta Complexidade de Traumato Ortopedia,sim,,2026-06-06,REG_SOBRAL_FINAL.pdf / Quadro 26
Hospital Municipal de Acopiara,Obstétrica,sim,,2026-06-06,PSR_CARIRI_FINAL.pdf / Quadro 6; fonte: https://www.saude.ce.gov.br/wp-content/uploads/sites/9/2023/08/PSR_CARIRI_FINAL.pdf
Hospital Municipal de Acopiara,Saúde Mental,sim,,2026-06-06,PSR_CARIRI_FINAL.pdf / Quadro 6; fonte: https://www.saude.ce.gov.br/wp-content/uploads/sites/9/2023/08/PSR_CARIRI_FINAL.pdf
Hospital Municipal de Acopiara,Cirurgia Médica,sim,,2026-06-06,PSR_CARIRI_FINAL.pdf / Quadro 6; fonte: https://www.saude.ce.gov.br/wp-content/uploads/sites/9/2023/08/PSR_CARIRI_FINAL.pdf
Hospital Regional de Icó Deputado Oriel Guimarães Nunes,Cirurgia Geral,sim,,2026-06-06,PSR_CARIRI_FINAL.pdf / Quadro 6; fonte: https://www.saude.ce.gov.br/wp-content/uploads/sites/9/2023/08/PSR_CARIRI_FINAL.pdf
Hospital Regional de Icó Deputado Oriel Guimarães Nunes,Obstétrica,sim,,2026-06-06,PSR_CARIRI_FINAL.pdf / Quadro 6; fonte: https://www.saude.ce.gov.br/wp-content/uploads/sites/9/2023/08/PSR_CARIRI_FINAL.pdf
Hospital Regional de Icó Deputado Oriel Guimarães Nunes,Clínica Médica,sim,,2026-06-06,PSR_CARIRI_FINAL.pdf / Quadro 6; fonte: https://www.saude.ce.gov.br/wp-content/uploads/sites/9/2023/08/PSR_CARIRI_FINAL.pdf
Hospital Regional de Icó Deputado Oriel Guimarães Nunes,Pediátrica,sim,,2026-06-06,PSR_CARIRI_FINAL.pdf / Quadro 6; fonte: https://www.saude.ce.gov.br/wp-content/uploads/sites/9/2023/08/PSR_CARIRI_FINAL.pdf
Hospital Regional de Icó Deputado Oriel Guimarães Nunes,Traumato-Ortopédica,sim,,2026-06-06,PSR_CARIRI_FINAL.pdf / Quadro 6; fonte: https://www.saude.ce.gov.br/wp-content/uploads/sites/9/2023/08/PSR_CARIRI_FINAL.pdf
Hospital Regional de Icó Deputado Oriel Guimarães Nunes,Saúde Mental,sim,,2026-06-06,PSR_CARIRI_FINAL.pdf / Quadro 6; fonte: https://www.saude.ce.gov.br/wp-content/uploads/sites/9/2023/08/PSR_CARIRI_FINAL.pdf
Hospital Regional de Iguatu,Pediátrica,sim,,2026-06-06,PSR_CARIRI_FINAL.pdf / Quadro 6; fonte: https://www.saude.ce.gov.br/wp-content/uploads/sites/9/2023/08/PSR_CARIRI_FINAL.pdf
Hospital Regional de Iguatu,Traumato-Ortopédica,sim,,2026-06-06,PSR_CARIRI_FINAL.pdf / Quadro 6; fonte: https://www.saude.ce.gov.br/wp-content/uploads/sites/9/2023/08/PSR_CARIRI_FINAL.pdf
Hospital Regional de Iguatu,Saúde Mental,sim,,2026-06-06,PSR_CARIRI_FINAL.pdf / Quadro 6; fonte: https://www.saude.ce.gov.br/wp-content/uploads/sites/9/2023/08/PSR_CARIRI_FINAL.pdf
Hospital Regional de Iguatu,Anestesiologia,sim,,2026-06-06,PSR_CARIRI_FINAL.pdf / Quadro 6; fonte: https://www.saude.ce.gov.br/wp-content/uploads/sites/9/2023/08/PSR_CARIRI_FINAL.pdf
Hospital Regional de Iguatu,Obstétrica,sim,,2026-06-06,PSR_CARIRI_FINAL.pdf / Quadro 6; fonte: https://www.saude.ce.gov.br/wp-content/uploads/sites/9/2023/08/PSR_CARIRI_FINAL.pdf
Hospital Regional de Iguatu,UTI Adulto,sim,,2026-06-06,PSR_CARIRI_FINAL.pdf / Quadro 6; fonte: https://www.saude.ce.gov.br/wp-content/uploads/sites/9/2023/08/PSR_CARIRI_FINAL.pdf
Hospital e Maternidade Agenor Araújo,Clínica Médica,sim,,2026-06-06,PSR_CARIRI_FINAL.pdf / Quadro 6; fonte: https://www.saude.ce.gov.br/wp-content/uploads/sites/9/2023/08/PSR_CARIRI_FINAL.pdf
Hospital e Maternidade Agenor Araújo,Pediátrica,sim,,2026-06-06,PSR_CARIRI_FINAL.pdf / Quadro 6; fonte: https://www.saude.ce.gov.br/wp-content/uploads/sites/9/2023/08/PSR_CARIRI_FINAL.pdf
Hospital e Maternidade Agenor Araújo,UTI Adulto,sim,,2026-06-06,PSR_CARIRI_FINAL.pdf / Quadro 6; fonte: https://www.saude.ce.gov.br/wp-content/uploads/sites/9/2023/08/PSR_CARIRI_FINAL.pdf
Instituto Madre Tereza de Apoio à Vida,Cirurgia Geral,sim,,2026-06-06,PSR_CARIRI_FINAL.pdf / Quadro 6; fonte: https://www.saude.ce.gov.br/wp-content/uploads/sites/9/2023/08/PSR_CARIRI_FINAL.pdf
Instituto Madre Tereza de Apoio à Vida,Obstétrica,sim,,2026-06-06,PSR_CARIRI_FINAL.pdf / Quadro 6; fonte: https://www.saude.ce.gov.br/wp-content/uploads/sites/9/2023/08/PSR_CARIRI_FINAL.pdf
Instituto Madre Tereza de Apoio à Vida,Clínica Médica,sim,,2026-06-06,PSR_CARIRI_FINAL.pdf / Quadro 6; fonte: https://www.saude.ce.gov.br/wp-content/uploads/sites/9/2023/08/PSR_CARIRI_FINAL.pdf
Instituto Madre Tereza de Apoio à Vida,Neonatal,sim,,2026-06-06,PSR_CARIRI_FINAL.pdf / Quadro 6; fonte: https://www.saude.ce.gov.br/wp-content/uploads/sites/9/2023/08/PSR_CARIRI_FINAL.pdf
Instituto Madre Tereza de Apoio à Vida,Traumato-Ortopédica,sim,,2026-06-06,PSR_CARIRI_FINAL.pdf / Quadro 6; fonte: https://www.saude.ce.gov.br/wp-content/uploads/sites/9/2023/08/PSR_CARIRI_FINAL.pdf
Instituto Madre Tereza de Apoio à Vida,Anestesiologia,sim,,2026-06-06,PSR_CARIRI_FINAL.pdf / Quadro 6; fonte: https://www.saude.ce.gov.br/wp-content/uploads/sites/9/2023/08/PSR_CARIRI_FINAL.pdf
Instituto Madre Tereza de Apoio à Vida,UTI Adulto,sim,,2026-06-06,PSR_CARIRI_FINAL.pdf / Quadro 6; fonte: https://www.saude.ce.gov.br/wp-content/uploads/sites/9/2023/08/PSR_CARIRI_FINAL.pdf
Instituto da Criança Menino Jesus de Praga,Pediátrica,sim,,2026-06-06,PSR_CARIRI_FINAL.pdf / Quadro 6; fonte: https://www.saude.ce.gov.br/wp-content/uploads/sites/9/2023/08/PSR_CARIRI_FINAL.pdf
Hospital e Maternidade São Francisco de Assis (Hospital São Camilo),Cirurgia Geral Adulto e Pediátrica,sim,,2026-06-06,PSR_CARIRI_FINAL.pdf / Quadro 6; fonte: https://www.saude.ce.gov.br/wp-content/uploads/sites/9/2023/08/PSR_CARIRI_FINAL.pdf
Hospital e Maternidade São Francisco de Assis (Hospital São Camilo),Obstétrica,sim,,2026-06-06,PSR_CARIRI_FINAL.pdf / Quadro 6; fonte: https://www.saude.ce.gov.br/wp-content/uploads/sites/9/2023/08/PSR_CARIRI_FINAL.pdf
Hospital e Maternidade São Francisco de Assis (Hospital São Camilo),Clínica Médica,sim,,2026-06-06,PSR_CARIRI_FINAL.pdf / Quadro 6; fonte: https://www.saude.ce.gov.br/wp-content/uploads/sites/9/2023/08/PSR_CARIRI_FINAL.pdf
Hospital e Maternidade São Francisco de Assis (Hospital São Camilo),Pediátrica,sim,,2026-06-06,PSR_CARIRI_FINAL.pdf / Quadro 6; fonte: https://www.saude.ce.gov.br/wp-content/uploads/sites/9/2023/08/PSR_CARIRI_FINAL.pdf
Hospital e Maternidade São Francisco de Assis (Hospital São Camilo),Neonatal,sim,,2026-06-06,PSR_CARIRI_FINAL.pdf / Quadro 6; fonte: https://www.saude.ce.gov.br/wp-content/uploads/sites/9/2023/08/PSR_CARIRI_FINAL.pdf
Hospital e Maternidade São Francisco de Assis (Hospital São Camilo),Anestesiologia,sim,,2026-06-06,PSR_CARIRI_FINAL.pdf / Quadro 6; fonte: https://www.saude.ce.gov.br/wp-content/uploads/sites/9/2023/08/PSR_CARIRI_FINAL.pdf
Hospital e Maternidade São Francisco de Assis (Hospital São Camilo),UTI Neonatal,sim,,2026-06-06,PSR_CARIRI_FINAL.pdf / Quadro 6; fonte: https://www.saude.ce.gov.br/wp-content/uploads/sites/9/2023/08/PSR_CARIRI_FINAL.pdf
Hospital e Maternidade São Francisco de Assis (Hospital São Camilo),UTI Adulto,sim,,2026-06-06,PSR_CARIRI_FINAL.pdf / Quadro 6; fonte: https://www.saude.ce.gov.br/wp-content/uploads/sites/9/2023/08/PSR_CARIRI_FINAL.pdf
Hospital e Maternidade São Francisco de Assis (Hospital São Camilo),UTI Pediátrica,sim,,2026-06-06,PSR_CARIRI_FINAL.pdf / Quadro 6; fonte: https://www.saude.ce.gov.br/wp-content/uploads/sites/9/2023/08/PSR_CARIRI_FINAL.pdf
Hospital São Raimundo,Traumato-Ortopédica,sim,,2026-06-06,PSR_CARIRI_FINAL.pdf / Quadro 6; fonte: https://www.saude.ce.gov.br/wp-content/uploads/sites/9/2023/08/PSR_CARIRI_FINAL.pdf
Hospital São Raimundo,UTI Adulto,sim,,2026-06-06,PSR_CARIRI_FINAL.pdf / Quadro 6; fonte: https://www.saude.ce.gov.br/wp-content/uploads/sites/9/2023/08/PSR_CARIRI_FINAL.pdf
Hospital São Raimundo,Obstétrica,sim,,2026-06-06,PSR_CARIRI_FINAL.pdf / Quadro 6; fonte: https://www.saude.ce.gov.br/wp-content/uploads/sites/9/2023/08/PSR_CARIRI_FINAL.pdf
Hospital São Raimundo,Pediátrica,sim,,2026-06-06,PSR_CARIRI_FINAL.pdf / Quadro 6; fonte: https://www.saude.ce.gov.br/wp-content/uploads/sites/9/2023/08/PSR_CARIRI_FINAL.pdf
Hospital do Coração do Cariri,Cardiologia,sim,,2026-06-06,PSR_CARIRI_FINAL.pdf / Quadro 6; fonte: https://www.saude.ce.gov.br/wp-content/uploads/sites/9/2023/08/PSR_CARIRI_FINAL.pdf
Hospital do Coração do Cariri,Cirurgia Geral,sim,,2026-06-06,PSR_CARIRI_FINAL.pdf / Quadro 6; fonte: https://www.saude.ce.gov.br/wp-content/uploads/sites/9/2023/08/PSR_CARIRI_FINAL.pdf
Hospital do Coração do Cariri,Anestesiologia,sim,,2026-06-06,PSR_CARIRI_FINAL.pdf / Quadro 6; fonte: https://www.saude.ce.gov.br/wp-content/uploads/sites/9/2023/08/PSR_CARIRI_FINAL.pdf
Hospital do Coração do Cariri,UTI Adulto,sim,,2026-06-06,PSR_CARIRI_FINAL.pdf / Quadro 6; fonte: https://www.saude.ce.gov.br/wp-content/uploads/sites/9/2023/08/PSR_CARIRI_FINAL.pdf
Hospital e Maternidade Santo Antônio,Cirurgia Geral Adulto e Pediátrica,sim,,2026-06-06,PSR_CARIRI_FINAL.pdf / Quadro 6; fonte: https://www.saude.ce.gov.br/wp-content/uploads/sites/9/2023/08/PSR_CARIRI_FINAL.pdf
Hospital e Maternidade Santo Antônio,Neurologia,sim,,2026-06-06,PSR_CARIRI_FINAL.pdf / Quadro 6; fonte: https://www.saude.ce.gov.br/wp-content/uploads/sites/9/2023/08/PSR_CARIRI_FINAL.pdf
Hospital e Maternidade Santo Antônio,Saúde Mental,sim,,2026-06-06,PSR_CARIRI_FINAL.pdf / Quadro 6; fonte: https://www.saude.ce.gov.br/wp-content/uploads/sites/9/2023/08/PSR_CARIRI_FINAL.pdf
Hospital e Maternidade Santo Antônio,Anestesiologia,sim,,2026-06-06,PSR_CARIRI_FINAL.pdf / Quadro 6; fonte: https://www.saude.ce.gov.br/wp-content/uploads/sites/9/2023/08/PSR_CARIRI_FINAL.pdf
Hospital e Maternidade Santo Antônio,UTI Adulto,sim,,2026-06-06,PSR_CARIRI_FINAL.pdf / Quadro 6; fonte: https://www.saude.ce.gov.br/wp-content/uploads/sites/9/2023/08/PSR_CARIRI_FINAL.pdf
Hospital Maternidade São Vicente de Paulo,Cirurgia Geral Adulto e Pediátrica,sim,,2026-06-06,PSR_CARIRI_FINAL.pdf / Quadro 6; fonte: https://www.saude.ce.gov.br/wp-content/uploads/sites/9/2023/08/PSR_CARIRI_FINAL.pdf
Hospital Maternidade São Vicente de Paulo,Obstétrica,sim,,2026-06-06,PSR_CARIRI_FINAL.pdf / Quadro 6; fonte: https://www.saude.ce.gov.br/wp-content/uploads/sites/9/2023/08/PSR_CARIRI_FINAL.pdf
Hospital Maternidade São Vicente de Paulo,Oncologia,sim,,2026-06-06,PSR_CARIRI_FINAL.pdf / Quadro 6; fonte: https://www.saude.ce.gov.br/wp-content/uploads/sites/9/2023/08/PSR_CARIRI_FINAL.pdf
Hospital Maternidade São Vicente de Paulo,Anestesiologia,sim,,2026-06-06,PSR_CARIRI_FINAL.pdf / Quadro 6; fonte: https://www.saude.ce.gov.br/wp-content/uploads/sites/9/2023/08/PSR_CARIRI_FINAL.pdf
Hospital Maternidade São Vicente de Paulo,Neonatal,sim,,2026-06-06,PSR_CARIRI_FINAL.pdf / Quadro 6; fonte: https://www.saude.ce.gov.br/wp-content/uploads/sites/9/2023/08/PSR_CARIRI_FINAL.pdf
Hospital Maternidade São Vicente de Paulo,Pediátrica,sim,,2026-06-06,PSR_CARIRI_FINAL.pdf / Quadro 6; fonte: https://www.saude.ce.gov.br/wp-content/uploads/sites/9/2023/08/PSR_CARIRI_FINAL.pdf
Hospital Maternidade São Vicente de Paulo,UTI Adulto,sim,,2026-06-06,PSR_CARIRI_FINAL.pdf / Quadro 6; fonte: https://www.saude.ce.gov.br/wp-content/uploads/sites/9/2023/08/PSR_CARIRI_FINAL.pdf
Hospital Maternidade São Vicente de Paulo,UTI Pediátrica,sim,,2026-06-06,PSR_CARIRI_FINAL.pdf / Quadro 6; fonte: https://www.saude.ce.gov.br/wp-content/uploads/sites/9/2023/08/PSR_CARIRI_FINAL.pdf
Hospital Maternidade São Vicente de Paulo,UTI Neonatal,sim,,2026-06-06,PSR_CARIRI_FINAL.pdf / Quadro 6; fonte: https://www.saude.ce.gov.br/wp-content/uploads/sites/9/2023/08/PSR_CARIRI_FINAL.pdf
Hospital e Maternidade São Lucas,Cirurgia Geral,sim,,2026-06-06,PSR_CARIRI_FINAL.pdf / Quadro 6; fonte: https://www.saude.ce.gov.br/wp-content/uploads/sites/9/2023/08/PSR_CARIRI_FINAL.pdf
Hospital e Maternidade São Lucas,Obstétrica,sim,,2026-06-06,PSR_CARIRI_FINAL.pdf / Quadro 6; fonte: https://www.saude.ce.gov.br/wp-content/uploads/sites/9/2023/08/PSR_CARIRI_FINAL.pdf
Hospital e Maternidade São Lucas,Traumato-Ortopédica,sim,,2026-06-06,PSR_CARIRI_FINAL.pdf / Quadro 6; fonte: https://www.saude.ce.gov.br/wp-content/uploads/sites/9/2023/08/PSR_CARIRI_FINAL.pdf
Hospital e Maternidade São Lucas,Anestesiologia,sim,,2026-06-06,PSR_CARIRI_FINAL.pdf / Quadro 6; fonte: https://www.saude.ce.gov.br/wp-content/uploads/sites/9/2023/08/PSR_CARIRI_FINAL.pdf
Hospital e Maternidade São Lucas,UTI Neonatal,sim,,2026-06-06,PSR_CARIRI_FINAL.pdf / Quadro 6; fonte: https://www.saude.ce.gov.br/wp-content/uploads/sites/9/2023/08/PSR_CARIRI_FINAL.pdf
Hospital Regional do Cariri,Alta complexidade em Trauma-Ortopedia,sim,,2026-06-06,PSR_CARIRI_FINAL.pdf / Quadro 6; fonte: https://www.saude.ce.gov.br/wp-content/uploads/sites/9/2023/08/PSR_CARIRI_FINAL.pdf
Hospital Regional do Cariri,Centro de AVC Tipo III,sim,,2026-06-06,PSR_CARIRI_FINAL.pdf / Quadro 6; fonte: https://www.saude.ce.gov.br/wp-content/uploads/sites/9/2023/08/PSR_CARIRI_FINAL.pdf
Hospital Regional do Cariri,UTI Adulto,sim,,2026-06-06,PSR_CARIRI_FINAL.pdf / Quadro 6; fonte: https://www.saude.ce.gov.br/wp-content/uploads/sites/9/2023/08/PSR_CARIRI_FINAL.pdf
Hospital Universitário do Ceará (HUC),Anestesiologia,sim,Serviço informado na página institucional do HUC/ISGH.,2026-06-06,ISGH HUC; Resolução CIB/CE 903/2025; SESA 14/11/2025
Hospital Universitário do Ceará (HUC),Cardiologia,sim,Serviço informado na página institucional do HUC/ISGH.,2026-06-06,ISGH HUC; Resolução CIB/CE 903/2025; SESA 14/11/2025
Hospital Universitário do Ceará (HUC),Cirurgia Bariátrica,sim,Serviço informado na página institucional do HUC/ISGH.,2026-06-06,ISGH HUC; Resolução CIB/CE 903/2025; SESA 14/11/2025
Hospital Universitário do Ceará (HUC),Cirurgia de Cabeça e Pescoço,sim,Serviço informado na página institucional do HUC/ISGH.,2026-06-06,ISGH HUC; Resolução CIB/CE 903/2025; SESA 14/11/2025
Hospital Universitário do Ceará (HUC),Cirurgia Digestiva,sim,Serviço informado na página institucional do HUC/ISGH.,2026-06-06,ISGH HUC; Resolução CIB/CE 903/2025; SESA 14/11/2025
Hospital Universitário do Ceará (HUC),Cirurgia Geral,sim,Serviço informado na página institucional do HUC/ISGH.,2026-06-06,ISGH HUC; Resolução CIB/CE 903/2025; SESA 14/11/2025
Hospital Universitário do Ceará (HUC),Ginecologia,sim,Serviço informado na página institucional do HUC/ISGH.,2026-06-06,ISGH HUC; Resolução CIB/CE 903/2025; SESA 14/11/2025
Hospital Universitário do Ceará (HUC),Oncologia,sim,Serviço informado na página institucional do HUC/ISGH.,2026-06-06,ISGH HUC; Resolução CIB/CE 903/2025; SESA 14/11/2025
Hospital Universitário do Ceará (HUC),Cirurgia Torácica,sim,Serviço informado na página institucional do HUC/ISGH.,2026-06-06,ISGH HUC; Resolução CIB/CE 903/2025; SESA 14/11/2025
Hospital Universitário do Ceará (HUC),Cirurgia Vascular,sim,Serviço informado na página institucional do HUC/ISGH.,2026-06-06,ISGH HUC; Resolução CIB/CE 903/2025; SESA 14/11/2025
Hospital Universitário do Ceará (HUC),Clínica Médica,sim,Serviço informado na página institucional do HUC/ISGH.,2026-06-06,ISGH HUC; Resolução CIB/CE 903/2025; SESA 14/11/2025
Hospital Universitário do Ceará (HUC),Cuidados Paliativos Adulto,sim,Serviço informado na página institucional do HUC/ISGH.,2026-06-06,ISGH HUC; Resolução CIB/CE 903/2025; SESA 14/11/2025
Hospital Universitário do Ceará (HUC),Cuidados Paliativos Fetal,sim,Serviço informado na página institucional do HUC/ISGH.,2026-06-06,ISGH HUC; Resolução CIB/CE 903/2025; SESA 14/11/2025
Hospital Universitário do Ceará (HUC),Endocrinologia,sim,Serviço informado na página institucional do HUC/ISGH.,2026-06-06,ISGH HUC; Resolução CIB/CE 903/2025; SESA 14/11/2025
Hospital Universitário do Ceará (HUC),Genética,sim,Serviço informado na página institucional do HUC/ISGH.,2026-06-06,ISGH HUC; Resolução CIB/CE 903/2025; SESA 14/11/2025
Hospital Universitário do Ceará (HUC),Geriatria,sim,Serviço informado na página institucional do HUC/ISGH.,2026-06-06,ISGH HUC; Resolução CIB/CE 903/2025; SESA 14/11/2025
Hospital Universitário do Ceará (HUC),Obstetrícia,sim,"Serviço informado na página institucional do HUC/ISGH. Em 14/11/2025, SESA anunciou 185 leitos obstétricos/neonatais no HUC para gestantes de alto risco e bebês.",2026-06-06,ISGH HUC; Resolução CIB/CE 903/2025; SESA 14/11/2025
Hospital Universitário do Ceará (HUC),Hematologia,sim,Serviço informado na página institucional do HUC/ISGH.,2026-06-06,ISGH HUC; Resolução CIB/CE 903/2025; SESA 14/11/2025
Hospital Universitário do Ceará (HUC),Mastologia,sim,Serviço informado na página institucional do HUC/ISGH.,2026-06-06,ISGH HUC; Resolução CIB/CE 903/2025; SESA 14/11/2025
Hospital Universitário do Ceará (HUC),Nefrologia,sim,Serviço informado na página institucional do HUC/ISGH.,2026-06-06,ISGH HUC; Resolução CIB/CE 903/2025; SESA 14/11/2025
Hospital Universitário do Ceará (HUC),Neurologia,sim,Serviço informado na página institucional do HUC/ISGH.,2026-06-06,ISGH HUC; Resolução CIB/CE 903/2025; SESA 14/11/2025
Hospital Universitário do Ceará (HUC),Neonatologia,sim,"Serviço informado na página institucional do HUC/ISGH. Em 14/11/2025, SESA anunciou 185 leitos obstétricos/neonatais no HUC para gestantes de alto risco e bebês.",2026-06-06,ISGH HUC; Resolução CIB/CE 903/2025; SESA 14/11/2025
Hospital Universitário do Ceará (HUC),Ortopedia,sim,Serviço informado na página institucional do HUC/ISGH.,2026-06-06,ISGH HUC; Resolução CIB/CE 903/2025; SESA 14/11/2025
Hospital Universitário do Ceará (HUC),Pediatria,sim,"Serviço informado na página institucional do HUC/ISGH. Em 14/11/2025, SESA anunciou 185 leitos obstétricos/neonatais no HUC para gestantes de alto risco e bebês.",2026-06-06,ISGH HUC; Resolução CIB/CE 903/2025; SESA 14/11/2025
Hospital Universitário do Ceará (HUC),Pneumologia,sim,Serviço informado na página institucional do HUC/ISGH.,2026-06-06,ISGH HUC; Resolução CIB/CE 903/2025; SESA 14/11/2025
Hospital Universitário do Ceará (HUC),Proctologia,sim,Serviço informado na página institucional do HUC/ISGH.,2026-06-06,ISGH HUC; Resolução CIB/CE 903/2025; SESA 14/11/2025
Hospital Universitário do Ceará (HUC),Reumatologia,sim,Serviço informado na página institucional do HUC/ISGH.,2026-06-06,ISGH HUC; Resolução CIB/CE 903/2025; SESA 14/11/2025
Hospital Universitário do Ceará (HUC),Urologia,sim,Serviço informado na página institucional do HUC/ISGH.,2026-06-06,ISGH HUC; Resolução CIB/CE 903/2025; SESA 14/11/2025
Hospital Universitário do Ceará (HUC),UTI Adulto,sim,Serviço informado na página institucional do HUC/ISGH.,2026-06-06,ISGH HUC; Resolução CIB/CE 903/2025; SESA 14/11/2025
Hospital Universitário do Ceará (HUC),UTI Neonatal,sim,Serviço informado na página institucional do HUC/ISGH. Habilitação transferida do HGCC ao HUC conforme Resolução CIB/CE 903/2025.,2026-06-06,ISGH HUC; Resolução CIB/CE 903/2025; SESA 14/11/2025
Hospital Universitário do Ceará (HUC),Unidade de Cuidados Intermediários Neonatal Convencional (UCINCo),sim,Serviço informado na página institucional do HUC/ISGH. Habilitação transferida do HGCC ao HUC conforme Resolução CIB/CE 903/2025.,2026-06-06,ISGH HUC; Resolução CIB/CE 903/2025; SESA 14/11/2025
Hospital Universitário do Ceará (HUC),Unidade de Cuidados Intermediários Neonatal Canguru (UCINCa),sim,Serviço informado na página institucional do HUC/ISGH. Habilitação transferida do HGCC ao HUC conforme Resolução CIB/CE 903/2025.,2026-06-06,ISGH HUC; Resolução CIB/CE 903/2025; SESA 14/11/2025
Hospital Universitário do Ceará (HUC),Hospital/Maternidade de Referência à Gestação e ao Puerpério de Alto Risco,sim,Serviço informado na página institucional do HUC/ISGH. Habilitação transferida do HGCC ao HUC conforme Resolução CIB/CE 903/2025.,2026-06-06,ISGH HUC; Resolução CIB/CE 903/2025; SESA 14/11/2025
Hospital Universitário do Ceará (HUC),Hospital Dia,sim,Serviço informado na página institucional do HUC/ISGH. Habilitação transferida do HGCC ao HUC conforme Resolução CIB/CE 903/2025.,2026-06-06,ISGH HUC; Resolução CIB/CE 903/2025; SESA 14/11/2025
Hospital Universitário do Ceará (HUC),Alta Complexidade em Obesidade,sim,Serviço informado na página institucional do HUC/ISGH. Habilitação transferida do HGCC ao HUC conforme Resolução CIB/CE 903/2025.,2026-06-06,ISGH HUC; Resolução CIB/CE 903/2025; SESA 14/11/2025
Hospital Universitário do Ceará (HUC),Alta Complexidade em Terapia Nutricional,sim,Serviço informado na página institucional do HUC/ISGH. Habilitação transferida do HGCC ao HUC conforme Resolução CIB/CE 903/2025.,2026-06-06,ISGH HUC; Resolução CIB/CE 903/2025; SESA 14/11/2025
Hospital Universitário do Ceará (HUC),Centro de Infusão (Quimioterapia),sim,Serviço informado na página institucional do HUC/ISGH.,2026-06-06,ISGH HUC; Resolução CIB/CE 903/2025; SESA 14/11/2025
Hospital Universitário do Ceará (HUC),Centro Cirúrgico Geral,sim,Serviço informado na página institucional do HUC/ISGH.,2026-06-06,ISGH HUC; Resolução CIB/CE 903/2025; SESA 14/11/2025
Hospital Universitário do Ceará (HUC),Centro Cirúrgico Obstétrico,sim,Serviço informado na página institucional do HUC/ISGH.,2026-06-06,ISGH HUC; Resolução CIB/CE 903/2025; SESA 14/11/2025
Hospital Universitário do Ceará (HUC),Agência Transfusional,sim,Serviço informado na página institucional do HUC/ISGH.,2026-06-06,ISGH HUC; Resolução CIB/CE 903/2025; SESA 14/11/2025
Hospital Universitário do Ceará (HUC),Laboratório de Análises Clínicas,sim,Serviço informado na página institucional do HUC/ISGH.,2026-06-06,ISGH HUC; Resolução CIB/CE 903/2025; SESA 14/11/2025
Hospital Universitário do Ceará (HUC),Fisioterapia,sim,Serviço informado na página institucional do HUC/ISGH.,2026-06-06,ISGH HUC; Resolução CIB/CE 903/2025; SESA 14/11/2025
Hospital Universitário do Ceará (HUC),Fonoaudiologia,sim,Serviço informado na página institucional do HUC/ISGH.,2026-06-06,ISGH HUC; Resolução CIB/CE 903/2025; SESA 14/11/2025
Hospital Universitário do Ceará (HUC),Psicologia,sim,Serviço informado na página institucional do HUC/ISGH.,2026-06-06,ISGH HUC; Resolução CIB/CE 903/2025; SESA 14/11/2025
Hospital Universitário do Ceará (HUC),Serviço Social,sim,Serviço informado na página institucional do HUC/ISGH.,2026-06-06,ISGH HUC; Resolução CIB/CE 903/2025; SESA 14/11/2025
